completion_weight,energy_weight,two_group_deficit_weight,selected_plan,score
0.0,0.0,1.0,partition_friendly,0.0
0.0,0.02,0.98,partition_friendly,0.00018096638500635697
0.0,0.04,0.96,partition_friendly,0.00036193277001271394
0.0,0.06,0.94,partition_friendly,0.0005428991550190709
0.0,0.08,0.92,partition_friendly,0.0007238655400254279
0.0,0.1,0.9,partition_friendly,0.0009048319250317849
0.0,0.12,0.88,partition_friendly,0.0010857983100381419
0.0,0.14,0.86,partition_friendly,0.001266764695044499
0.0,0.16,0.84,partition_friendly,0.0014477310800508558
0.0,0.18,0.8200000000000001,partition_friendly,0.0016286974650572127
0.0,0.2,0.8,partition_friendly,0.0018096638500635699
0.0,0.22,0.78,partition_friendly,0.001990630235069927
0.0,0.24,0.76,partition_friendly,0.0021715966200762838
0.0,0.26,0.74,partition_friendly,0.0023525630050826407
0.0,0.28,0.72,partition_friendly,0.002533529390088998
0.0,0.3,0.7,partition_friendly,0.0027144957750953546
0.0,0.32,0.6799999999999999,partition_friendly,0.0028954621601017115
0.0,0.34,0.6599999999999999,partition_friendly,0.003076428545108069
0.0,0.36,0.64,partition_friendly,0.0032573949301144254
0.0,0.38,0.62,partition_friendly,0.003438361315120783
0.0,0.4,0.6,partition_friendly,0.0036193277001271397
0.0,0.42,0.5800000000000001,partition_friendly,0.0038002940851334962
0.0,0.44,0.56,partition_friendly,0.003981260470139854
0.0,0.46,0.54,partition_friendly,0.0041622268551462106
0.0,0.48,0.52,partition_friendly,0.0043431932401525675
0.0,0.5,0.5,partition_friendly,0.0045241596251589244
0.0,0.52,0.48,partition_friendly,0.004705126010165281
0.0,0.54,0.45999999999999996,partition_friendly,0.004886092395171638
0.0,0.56,0.43999999999999995,partition_friendly,0.005067058780177996
0.0,0.58,0.42000000000000004,partition_friendly,0.005248025165184352
0.0,0.6,0.4,partition_friendly,0.005428991550190709
0.0,0.62,0.38,partition_friendly,0.005609957935197066
0.0,0.64,0.36,partition_friendly,0.005790924320203423
0.0,0.66,0.33999999999999997,partition_friendly,0.005971890705209781
0.0,0.68,0.31999999999999995,partition_friendly,0.006152857090216138
0.0,0.7000000000000001,0.29999999999999993,partition_friendly,0.006333823475222495
0.0,0.72,0.28,partition_friendly,0.006514789860228851
0.0,0.74,0.26,partition_friendly,0.006695756245235208
0.0,0.76,0.24,partition_friendly,0.006876722630241566
0.0,0.78,0.21999999999999997,partition_friendly,0.0070576890152479225
0.0,0.8,0.19999999999999996,partition_friendly,0.0072386554002542795
0.0,0.8200000000000001,0.17999999999999994,partition_friendly,0.007419621785260636
0.0,0.84,0.16000000000000003,partition_friendly,0.0076005881702669925
0.0,0.86,0.14,partition_friendly,0.00778155455527335
0.0,0.88,0.12,partition_friendly,0.007962520940279707
0.0,0.9,0.09999999999999998,partition_friendly,0.008143487325286065
0.0,0.92,0.07999999999999996,balanced,0.0070588235294117615
0.0,0.9400000000000001,0.05999999999999994,balanced,0.005294117647058819
0.0,0.96,0.040000000000000036,balanced,0.0035294117647058855
0.0,0.98,0.020000000000000018,balanced,0.0017647058823529428
0.0,1.0,0,balanced,0.0
0.02,0.0,0.98,fast_partition_friendly,0.0016367165444440513
0.02,0.02,0.96,partition_friendly,0.020180966385006358
0.02,0.04,0.94,partition_friendly,0.020361932770012716
0.02,0.06,0.9199999999999999,partition_friendly,0.02054289915501907
0.02,0.08,0.9,partition_friendly,0.020723865540025428
0.02,0.1,0.88,partition_friendly,0.020904831925031786
0.02,0.12,0.86,partition_friendly,0.021085798310038144
0.02,0.14,0.84,partition_friendly,0.021266764695044498
0.02,0.16,0.82,partition_friendly,0.021447731080050856
0.02,0.18,0.8,partition_friendly,0.021628697465057214
0.02,0.2,0.78,partition_friendly,0.02180966385006357
0.02,0.22,0.76,partition_friendly,0.021990630235069926
0.02,0.24,0.74,partition_friendly,0.022171596620076284
0.02,0.26,0.72,partition_friendly,0.02235256300508264
0.02,0.28,0.7,partition_friendly,0.022533529390089
0.02,0.3,0.6799999999999999,partition_friendly,0.022714495775095354
0.02,0.32,0.6599999999999999,partition_friendly,0.02289546216010171
0.02,0.34,0.6399999999999999,partition_friendly,0.02307642854510807
0.02,0.36,0.62,partition_friendly,0.023257394930114427
0.02,0.38,0.6,partition_friendly,0.02343836131512078
0.02,0.4,0.58,partition_friendly,0.02361932770012714
0.02,0.42,0.56,partition_friendly,0.023800294085133497
0.02,0.44,0.54,partition_friendly,0.023981260470139855
0.02,0.46,0.52,partition_friendly,0.024162226855146213
0.02,0.48,0.5,partition_friendly,0.024343193240152567
0.02,0.5,0.48,partition_friendly,0.024524159625158925
0.02,0.52,0.45999999999999996,partition_friendly,0.024705126010165283
0.02,0.54,0.43999999999999995,partition_friendly,0.024886092395171637
0.02,0.56,0.41999999999999993,partition_friendly,0.025067058780177995
0.02,0.58,0.4,partition_friendly,0.025248025165184353
0.02,0.6,0.38,partition_friendly,0.02542899155019071
0.02,0.62,0.36,partition_friendly,0.025609957935197068
0.02,0.64,0.33999999999999997,partition_friendly,0.025790924320203423
0.02,0.66,0.31999999999999995,partition_friendly,0.02597189070520978
0.02,0.68,0.29999999999999993,partition_friendly,0.026152857090216138
0.02,0.7000000000000001,0.2799999999999999,partition_friendly,0.026333823475222496
0.02,0.72,0.26,partition_friendly,0.02651478986022885
0.02,0.74,0.24,partition_friendly,0.026695756245235208
0.02,0.76,0.21999999999999997,partition_friendly,0.026876722630241566
0.02,0.78,0.19999999999999996,partition_friendly,0.027057689015247924
0.02,0.8,0.17999999999999994,partition_friendly,0.02723865540025428
0.02,0.8200000000000001,0.15999999999999992,partition_friendly,0.027419621785260636
0.02,0.84,0.14,partition_friendly,0.027600588170266994
0.02,0.86,0.12,partition_friendly,0.02778155455527335
0.02,0.88,0.09999999999999998,partition_friendly,0.027962520940279706
0.02,0.9,0.07999999999999996,balanced,0.02705882352941176
0.02,0.92,0.05999999999999994,balanced,0.02529411764705882
0.02,0.9400000000000001,0.039999999999999925,balanced,0.023529411764705875
0.02,0.96,0.020000000000000018,balanced,0.021764705882352943
0.02,0.98,0,balanced,0.02
0.04,0.0,0.96,fast_partition_friendly,0.0032734330888881027
0.04,0.02,0.94,fast_partition_friendly,0.0232734330888881
0.04,0.04,0.9199999999999999,partition_friendly,0.040361932770012716
0.04,0.06,0.8999999999999999,partition_friendly,0.040542899155019074
0.04,0.08,0.88,partition_friendly,0.04072386554002543
0.04,0.1,0.86,partition_friendly,0.04090483192503178
0.04,0.12,0.84,partition_friendly,0.04108579831003814
0.04,0.14,0.82,partition_friendly,0.0412667646950445
0.04,0.16,0.7999999999999999,partition_friendly,0.041447731080050856
0.04,0.18,0.78,partition_friendly,0.041628697465057214
0.04,0.2,0.76,partition_friendly,0.04180966385006357
0.04,0.22,0.74,partition_friendly,0.04199063023506993
0.04,0.24,0.72,partition_friendly,0.04217159662007629
0.04,0.26,0.7,partition_friendly,0.04235256300508264
0.04,0.28,0.6799999999999999,partition_friendly,0.042533529390088996
0.04,0.3,0.6599999999999999,partition_friendly,0.042714495775095354
0.04,0.32,0.6399999999999999,partition_friendly,0.04289546216010171
0.04,0.34,0.6199999999999999,partition_friendly,0.04307642854510807
0.04,0.36,0.6,partition_friendly,0.04325739493011443
0.04,0.38,0.58,partition_friendly,0.043438361315120785
0.04,0.4,0.5599999999999999,partition_friendly,0.04361932770012714
0.04,0.42,0.54,partition_friendly,0.043800294085133494
0.04,0.44,0.52,partition_friendly,0.04398126047013985
0.04,0.46,0.49999999999999994,partition_friendly,0.04416222685514621
0.04,0.48,0.48,partition_friendly,0.04434319324015257
0.04,0.5,0.45999999999999996,partition_friendly,0.044524159625158925
0.04,0.52,0.43999999999999995,partition_friendly,0.04470512601016528
0.04,0.54,0.41999999999999993,partition_friendly,0.04488609239517164
0.04,0.56,0.3999999999999999,partition_friendly,0.045067058780178
0.04,0.58,0.38,partition_friendly,0.04524802516518435
0.04,0.6,0.36,partition_friendly,0.04542899155019071
0.04,0.62,0.33999999999999997,partition_friendly,0.045609957935197065
0.04,0.64,0.31999999999999995,partition_friendly,0.04579092432020342
0.04,0.66,0.29999999999999993,partition_friendly,0.04597189070520978
0.04,0.68,0.2799999999999999,partition_friendly,0.04615285709021614
0.04,0.7000000000000001,0.2599999999999999,partition_friendly,0.046333823475222496
0.04,0.72,0.24,partition_friendly,0.046514789860228854
0.04,0.74,0.21999999999999997,partition_friendly,0.04669575624523521
0.04,0.76,0.19999999999999996,partition_friendly,0.04687672263024156
0.04,0.78,0.17999999999999994,partition_friendly,0.04705768901524792
0.04,0.8,0.15999999999999992,partition_friendly,0.04723865540025428
0.04,0.8200000000000001,0.1399999999999999,partition_friendly,0.047419621785260636
0.04,0.84,0.12,partition_friendly,0.047600588170266994
0.04,0.86,0.09999999999999998,partition_friendly,0.04778155455527335
0.04,0.88,0.07999999999999996,balanced,0.047058823529411764
0.04,0.9,0.05999999999999994,balanced,0.04529411764705882
0.04,0.92,0.039999999999999925,balanced,0.04352941176470588
0.04,0.9400000000000001,0.019999999999999907,balanced,0.04176470588235293
0.04,0.96,0,balanced,0.04
0.06,0.0,0.94,fast_partition_friendly,0.004910149633332153
0.06,0.02,0.9199999999999999,fast_partition_friendly,0.024910149633332154
0.06,0.04,0.8999999999999999,fast_partition_friendly,0.044910149633332154
0.06,0.06,0.8799999999999999,partition_friendly,0.06054289915501907
0.06,0.08,0.86,partition_friendly,0.06072386554002543
0.06,0.1,0.84,partition_friendly,0.06090483192503178
0.06,0.12,0.82,partition_friendly,0.06108579831003814
0.06,0.14,0.7999999999999999,partition_friendly,0.061266764695044496
0.06,0.16,0.7799999999999999,partition_friendly,0.06144773108005085
0.06,0.18,0.76,partition_friendly,0.06162869746505721
0.06,0.2,0.74,partition_friendly,0.06180966385006357
0.06,0.22,0.72,partition_friendly,0.06199063023506993
0.06,0.24,0.7,partition_friendly,0.062171596620076285
0.06,0.26,0.6799999999999999,partition_friendly,0.062352563005082635
0.06,0.28,0.6599999999999999,partition_friendly,0.062533529390089
0.06,0.3,0.6399999999999999,partition_friendly,0.06271449577509536
0.06,0.32,0.6199999999999999,partition_friendly,0.06289546216010171
0.06,0.34,0.5999999999999999,partition_friendly,0.06307642854510806
0.06,0.36,0.58,partition_friendly,0.06325739493011442
0.06,0.38,0.5599999999999999,partition_friendly,0.06343836131512078
0.06,0.4,0.5399999999999999,partition_friendly,0.06361932770012714
0.06,0.42,0.52,partition_friendly,0.06380029408513349
0.06,0.44,0.49999999999999994,partition_friendly,0.06398126047013986
0.06,0.46,0.4799999999999999,partition_friendly,0.0641622268551462
0.06,0.48,0.45999999999999996,partition_friendly,0.06434319324015257
0.06,0.5,0.43999999999999995,partition_friendly,0.06452415962515892
0.06,0.52,0.41999999999999993,partition_friendly,0.06470512601016527
0.06,0.54,0.3999999999999999,partition_friendly,0.06488609239517164
0.06,0.56,0.3799999999999999,partition_friendly,0.06506705878017799
0.06,0.58,0.36,partition_friendly,0.06524802516518435
0.06,0.6,0.33999999999999997,partition_friendly,0.0654289915501907
0.06,0.62,0.31999999999999995,partition_friendly,0.06560995793519707
0.06,0.64,0.29999999999999993,partition_friendly,0.06579092432020342
0.06,0.66,0.2799999999999999,partition_friendly,0.06597189070520978
0.06,0.68,0.2599999999999999,partition_friendly,0.06615285709021614
0.06,0.7000000000000001,0.23999999999999988,partition_friendly,0.06633382347522249
0.06,0.72,0.21999999999999997,partition_friendly,0.06651478986022885
0.06,0.74,0.19999999999999996,partition_friendly,0.0666957562452352
0.06,0.76,0.17999999999999994,partition_friendly,0.06687672263024157
0.06,0.78,0.15999999999999992,partition_friendly,0.06705768901524792
0.06,0.8,0.1399999999999999,partition_friendly,0.06723865540025428
0.06,0.8200000000000001,0.11999999999999988,partition_friendly,0.06741962178526063
0.06,0.84,0.09999999999999998,partition_friendly,0.06760058817026698
0.06,0.86,0.07999999999999996,balanced,0.06705882352941175
0.06,0.88,0.05999999999999994,balanced,0.06529411764705882
0.06,0.9,0.039999999999999925,balanced,0.06352941176470588
0.06,0.92,0.019999999999999907,balanced,0.06176470588235293
0.06,0.94,0,balanced,0.06
0.08,0.0,0.92,fast_partition_friendly,0.006546866177776205
0.08,0.02,0.9,fast_partition_friendly,0.026546866177776206
0.08,0.04,0.88,fast_partition_friendly,0.0465468661777762
0.08,0.06,0.8600000000000001,fast_partition_friendly,0.0665468661777762
0.08,0.08,0.8400000000000001,partition_friendly,0.08072386554002543
0.08,0.1,0.8200000000000001,partition_friendly,0.08090483192503178
0.08,0.12,0.8,partition_friendly,0.08108579831003815
0.08,0.14,0.78,partition_friendly,0.0812667646950445
0.08,0.16,0.76,partition_friendly,0.08144773108005086
0.08,0.18,0.74,partition_friendly,0.08162869746505722
0.08,0.2,0.72,partition_friendly,0.08180966385006357
0.08,0.22,0.7000000000000001,partition_friendly,0.08199063023506993
0.08,0.24,0.68,partition_friendly,0.08217159662007628
0.08,0.26,0.66,partition_friendly,0.08235256300508265
0.08,0.28,0.64,partition_friendly,0.082533529390089
0.08,0.3,0.6200000000000001,partition_friendly,0.08271449577509536
0.08,0.32,0.6000000000000001,partition_friendly,0.08289546216010171
0.08,0.34,0.5800000000000001,partition_friendly,0.08307642854510808
0.08,0.36,0.56,partition_friendly,0.08325739493011443
0.08,0.38,0.54,partition_friendly,0.08343836131512078
0.08,0.4,0.52,partition_friendly,0.08361932770012714
0.08,0.42,0.5,partition_friendly,0.0838002940851335
0.08,0.44,0.48000000000000004,partition_friendly,0.08398126047013986
0.08,0.46,0.46,partition_friendly,0.08416222685514621
0.08,0.48,0.44000000000000006,partition_friendly,0.08434319324015258
0.08,0.5,0.42000000000000004,partition_friendly,0.08452415962515893
0.08,0.52,0.4,partition_friendly,0.08470512601016528
0.08,0.54,0.38,partition_friendly,0.08488609239517164
0.08,0.56,0.36,partition_friendly,0.08506705878017799
0.08,0.58,0.3400000000000001,partition_friendly,0.08524802516518436
0.08,0.6,0.32000000000000006,partition_friendly,0.08542899155019071
0.08,0.62,0.30000000000000004,partition_friendly,0.08560995793519707
0.08,0.64,0.28,partition_friendly,0.08579092432020342
0.08,0.66,0.26,partition_friendly,0.08597189070520979
0.08,0.68,0.24,partition_friendly,0.08615285709021614
0.08,0.7000000000000001,0.21999999999999997,partition_friendly,0.08633382347522249
0.08,0.72,0.20000000000000007,partition_friendly,0.08651478986022886
0.08,0.74,0.18000000000000005,partition_friendly,0.0866957562452352
0.08,0.76,0.16000000000000003,partition_friendly,0.08687672263024157
0.08,0.78,0.14,partition_friendly,0.08705768901524792
0.08,0.8,0.12,partition_friendly,0.08723865540025429
0.08,0.8200000000000001,0.09999999999999998,partition_friendly,0.08741962178526064
0.08,0.84,0.08000000000000007,balanced,0.08705882352941177
0.08,0.86,0.06000000000000005,balanced,0.08529411764705883
0.08,0.88,0.040000000000000036,balanced,0.0835294117647059
0.08,0.9,0.020000000000000018,balanced,0.08176470588235295
0.08,0.92,0,balanced,0.08
0.1,0.0,0.9,fast_partition_friendly,0.008183582722220256
0.1,0.02,0.88,fast_partition_friendly,0.028183582722220255
0.1,0.04,0.86,fast_partition_friendly,0.04818358272222026
0.1,0.06,0.8400000000000001,fast_partition_friendly,0.06818358272222025
0.1,0.08,0.8200000000000001,fast_partition_friendly,0.08818358272222025
0.1,0.1,0.8,partition_friendly,0.10090483192503179
0.1,0.12,0.78,partition_friendly,0.10108579831003815
0.1,0.14,0.76,partition_friendly,0.1012667646950445
0.1,0.16,0.74,partition_friendly,0.10144773108005087
0.1,0.18,0.72,partition_friendly,0.10162869746505722
0.1,0.2,0.7,partition_friendly,0.10180966385006357
0.1,0.22,0.68,partition_friendly,0.10199063023506993
0.1,0.24,0.66,partition_friendly,0.10217159662007629
0.1,0.26,0.64,partition_friendly,0.10235256300508265
0.1,0.28,0.62,partition_friendly,0.102533529390089
0.1,0.3,0.6000000000000001,partition_friendly,0.10271449577509537
0.1,0.32,0.5800000000000001,partition_friendly,0.10289546216010172
0.1,0.34,0.56,partition_friendly,0.10307642854510807
0.1,0.36,0.54,partition_friendly,0.10325739493011443
0.1,0.38,0.52,partition_friendly,0.10343836131512078
0.1,0.4,0.5,partition_friendly,0.10361932770012715
0.1,0.42,0.48000000000000004,partition_friendly,0.1038002940851335
0.1,0.44,0.46,partition_friendly,0.10398126047013986
0.1,0.46,0.44,partition_friendly,0.10416222685514621
0.1,0.48,0.42000000000000004,partition_friendly,0.10434319324015258
0.1,0.5,0.4,partition_friendly,0.10452415962515893
0.1,0.52,0.38,partition_friendly,0.10470512601016528
0.1,0.54,0.36,partition_friendly,0.10488609239517165
0.1,0.56,0.33999999999999997,partition_friendly,0.105067058780178
0.1,0.58,0.32000000000000006,partition_friendly,0.10524802516518436
0.1,0.6,0.30000000000000004,partition_friendly,0.10542899155019071
0.1,0.62,0.28,partition_friendly,0.10560995793519708
0.1,0.64,0.26,partition_friendly,0.10579092432020343
0.1,0.66,0.24,partition_friendly,0.10597189070520979
0.1,0.68,0.21999999999999997,partition_friendly,0.10615285709021614
0.1,0.7000000000000001,0.19999999999999996,partition_friendly,0.1063338234752225
0.1,0.72,0.18000000000000005,partition_friendly,0.10651478986022886
0.1,0.74,0.16000000000000003,partition_friendly,0.10669575624523521
0.1,0.76,0.14,partition_friendly,0.10687672263024157
0.1,0.78,0.12,partition_friendly,0.10705768901524793
0.1,0.8,0.09999999999999998,partition_friendly,0.10723865540025429
0.1,0.8200000000000001,0.07999999999999996,balanced,0.10705882352941176
0.1,0.84,0.06000000000000005,balanced,0.10529411764705883
0.1,0.86,0.040000000000000036,balanced,0.1035294117647059
0.1,0.88,0.020000000000000018,balanced,0.10176470588235295
0.1,0.9,0,balanced,0.1
0.12,0.0,0.88,fast_partition_friendly,0.009820299266664306
0.12,0.02,0.86,fast_partition_friendly,0.029820299266664307
0.12,0.04,0.84,fast_partition_friendly,0.04982029926666431
0.12,0.06,0.8200000000000001,fast_partition_friendly,0.0698202992666643
0.12,0.08,0.8,fast_partition_friendly,0.08982029926666431
0.12,0.1,0.78,fast_partition_friendly,0.10982029926666431
0.12,0.12,0.76,partition_friendly,0.12108579831003814
0.12,0.14,0.74,partition_friendly,0.1212667646950445
0.12,0.16,0.72,partition_friendly,0.12144773108005086
0.12,0.18,0.7,partition_friendly,0.12162869746505721
0.12,0.2,0.6799999999999999,partition_friendly,0.12180966385006356
0.12,0.22,0.66,partition_friendly,0.12199063023506992
0.12,0.24,0.64,partition_friendly,0.12217159662007628
0.12,0.26,0.62,partition_friendly,0.12235256300508264
0.12,0.28,0.6,partition_friendly,0.12253352939008899
0.12,0.3,0.5800000000000001,partition_friendly,0.12271449577509536
0.12,0.32,0.56,partition_friendly,0.1228954621601017
0.12,0.34,0.54,partition_friendly,0.12307642854510806
0.12,0.36,0.52,partition_friendly,0.12325739493011442
0.12,0.38,0.5,partition_friendly,0.12343836131512077
0.12,0.4,0.48,partition_friendly,0.12361932770012714
0.12,0.42,0.46,partition_friendly,0.12380029408513349
0.12,0.44,0.44,partition_friendly,0.12398126047013985
0.12,0.46,0.42,partition_friendly,0.1241622268551462
0.12,0.48,0.4,partition_friendly,0.12434319324015257
0.12,0.5,0.38,partition_friendly,0.12452415962515892
0.12,0.52,0.36,partition_friendly,0.12470512601016527
0.12,0.54,0.33999999999999997,partition_friendly,0.12488609239517164
0.12,0.56,0.31999999999999995,partition_friendly,0.125067058780178
0.12,0.58,0.30000000000000004,partition_friendly,0.12524802516518435
0.12,0.6,0.28,partition_friendly,0.12542899155019072
0.12,0.62,0.26,partition_friendly,0.12560995793519705
0.12,0.64,0.24,partition_friendly,0.12579092432020342
0.12,0.66,0.21999999999999997,partition_friendly,0.12597189070520978
0.12,0.68,0.19999999999999996,partition_friendly,0.12615285709021612
0.12,0.7000000000000001,0.17999999999999994,partition_friendly,0.12633382347522248
0.12,0.72,0.16000000000000003,partition_friendly,0.12651478986022885
0.12,0.74,0.14,partition_friendly,0.1266957562452352
0.12,0.76,0.12,partition_friendly,0.12687672263024155
0.12,0.78,0.09999999999999998,partition_friendly,0.12705768901524792
0.12,0.8,0.07999999999999996,balanced,0.12705882352941175
0.12,0.8200000000000001,0.05999999999999994,balanced,0.1252941176470588
0.12,0.84,0.040000000000000036,balanced,0.12352941176470589
0.12,0.86,0.020000000000000018,balanced,0.12176470588235294
0.12,0.88,0,balanced,0.12
0.14,0.0,0.86,fast_partition_friendly,0.01145701581110836
0.14,0.02,0.84,fast_partition_friendly,0.03145701581110836
0.14,0.04,0.82,fast_partition_friendly,0.05145701581110836
0.14,0.06,0.8,fast_partition_friendly,0.07145701581110836
0.14,0.08,0.78,fast_partition_friendly,0.09145701581110836
0.14,0.1,0.76,fast_partition_friendly,0.11145701581110837
0.14,0.12,0.74,fast_partition_friendly,0.13145701581110836
0.14,0.14,0.72,partition_friendly,0.1412667646950445
0.14,0.16,0.7,partition_friendly,0.14144773108005088
0.14,0.18,0.6799999999999999,partition_friendly,0.1416286974650572
0.14,0.2,0.6599999999999999,partition_friendly,0.14180966385006358
0.14,0.22,0.64,partition_friendly,0.14199063023506994
0.14,0.24,0.62,partition_friendly,0.1421715966200763
0.14,0.26,0.6,partition_friendly,0.14235256300508264
0.14,0.28,0.58,partition_friendly,0.142533529390089
0.14,0.3,0.56,partition_friendly,0.14271449577509537
0.14,0.32,0.54,partition_friendly,0.14289546216010174
0.14,0.34,0.52,partition_friendly,0.14307642854510808
0.14,0.36,0.5,partition_friendly,0.14325739493011444
0.14,0.38,0.48,partition_friendly,0.1434383613151208
0.14,0.4,0.45999999999999996,partition_friendly,0.14361932770012714
0.14,0.42,0.44,partition_friendly,0.1438002940851335
0.14,0.44,0.42,partition_friendly,0.14398126047013987
0.14,0.46,0.39999999999999997,partition_friendly,0.14416222685514624
0.14,0.48,0.38,partition_friendly,0.14434319324015257
0.14,0.5,0.36,partition_friendly,0.14452415962515894
0.14,0.52,0.33999999999999997,partition_friendly,0.1447051260101653
0.14,0.54,0.31999999999999995,partition_friendly,0.14488609239517164
0.14,0.56,0.29999999999999993,partition_friendly,0.145067058780178
0.14,0.58,0.28,partition_friendly,0.14524802516518437
0.14,0.6,0.26,partition_friendly,0.14542899155019073
0.14,0.62,0.24,partition_friendly,0.14560995793519707
0.14,0.64,0.21999999999999997,partition_friendly,0.14579092432020344
0.14,0.66,0.19999999999999996,partition_friendly,0.1459718907052098
0.14,0.68,0.17999999999999994,partition_friendly,0.14615285709021614
0.14,0.7000000000000001,0.15999999999999992,partition_friendly,0.1463338234752225
0.14,0.72,0.14,partition_friendly,0.14651478986022887
0.14,0.74,0.12,partition_friendly,0.14669575624523523
0.14,0.76,0.09999999999999998,partition_friendly,0.14687672263024157
0.14,0.78,0.07999999999999996,partition_friendly,0.14705768901524793
0.14,0.8,0.05999999999999994,balanced,0.14529411764705882
0.14,0.8200000000000001,0.039999999999999925,balanced,0.14352941176470588
0.14,0.84,0.020000000000000018,balanced,0.14176470588235296
0.14,0.86,0,balanced,0.14
0.16,0.0,0.84,fast_partition_friendly,0.01309373235555241
0.16,0.02,0.82,fast_partition_friendly,0.03309373235555241
0.16,0.04,0.7999999999999999,fast_partition_friendly,0.05309373235555241
0.16,0.06,0.78,fast_partition_friendly,0.07309373235555242
0.16,0.08,0.76,fast_partition_friendly,0.0930937323555524
0.16,0.1,0.74,fast_partition_friendly,0.11309373235555242
0.16,0.12,0.72,fast_partition_friendly,0.1330937323555524
0.16,0.14,0.7,fast_partition_friendly,0.15309373235555243
0.16,0.16,0.6799999999999999,partition_friendly,0.16144773108005087
0.16,0.18,0.6599999999999999,partition_friendly,0.1616286974650572
0.16,0.2,0.6399999999999999,partition_friendly,0.16180966385006357
0.16,0.22,0.62,partition_friendly,0.16199063023506993
0.16,0.24,0.6,partition_friendly,0.1621715966200763
0.16,0.26,0.58,partition_friendly,0.16235256300508263
0.16,0.28,0.5599999999999999,partition_friendly,0.162533529390089
0.16,0.3,0.54,partition_friendly,0.16271449577509536
0.16,0.32,0.52,partition_friendly,0.16289546216010173
0.16,0.34,0.49999999999999994,partition_friendly,0.16307642854510807
0.16,0.36,0.48,partition_friendly,0.16325739493011443
0.16,0.38,0.45999999999999996,partition_friendly,0.1634383613151208
0.16,0.4,0.43999999999999995,partition_friendly,0.16361932770012713
0.16,0.42,0.42,partition_friendly,0.1638002940851335
0.16,0.44,0.39999999999999997,partition_friendly,0.16398126047013986
0.16,0.46,0.37999999999999995,partition_friendly,0.16416222685514623
0.16,0.48,0.36,partition_friendly,0.16434319324015256
0.16,0.5,0.33999999999999997,partition_friendly,0.16452415962515893
0.16,0.52,0.31999999999999995,partition_friendly,0.1647051260101653
0.16,0.54,0.29999999999999993,partition_friendly,0.16488609239517163
0.16,0.56,0.2799999999999999,partition_friendly,0.165067058780178
0.16,0.58,0.26,partition_friendly,0.16524802516518436
0.16,0.6,0.24,partition_friendly,0.16542899155019072
0.16,0.62,0.21999999999999997,partition_friendly,0.16560995793519706
0.16,0.64,0.19999999999999996,partition_friendly,0.16579092432020343
0.16,0.66,0.17999999999999994,partition_friendly,0.1659718907052098
0.16,0.68,0.15999999999999992,partition_friendly,0.16615285709021616
0.16,0.7000000000000001,0.1399999999999999,partition_friendly,0.1663338234752225
0.16,0.72,0.12,partition_friendly,0.16651478986022886
0.16,0.74,0.09999999999999998,partition_friendly,0.16669575624523522
0.16,0.76,0.07999999999999996,partition_friendly,0.16687672263024156
0.16,0.78,0.05999999999999994,balanced,0.1652941176470588
0.16,0.8,0.039999999999999925,balanced,0.16352941176470587
0.16,0.8200000000000001,0.019999999999999907,balanced,0.16176470588235295
0.16,0.84,0,balanced,0.16
0.18,0.0,0.8200000000000001,fast_partition_friendly,0.014730448899996461
0.18,0.02,0.8,fast_partition_friendly,0.03473044889999646
0.18,0.04,0.78,fast_partition_friendly,0.05473044889999646
0.18,0.06,0.76,fast_partition_friendly,0.07473044889999646
0.18,0.08,0.7400000000000001,fast_partition_friendly,0.09473044889999646
0.18,0.1,0.7200000000000001,fast_partition_friendly,0.11473044889999647
0.18,0.12,0.7000000000000001,fast_partition_friendly,0.13473044889999647
0.18,0.14,0.68,fast_partition_friendly,0.1547304488999965
0.18,0.16,0.66,fast_partition_friendly,0.17473044889999648
0.18,0.18,0.6400000000000001,partition_friendly,0.1816286974650572
0.18,0.2,0.6200000000000001,partition_friendly,0.18180966385006356
0.18,0.22,0.6000000000000001,partition_friendly,0.18199063023506992
0.18,0.24,0.5800000000000001,partition_friendly,0.1821715966200763
0.18,0.26,0.56,partition_friendly,0.18235256300508262
0.18,0.28,0.54,partition_friendly,0.182533529390089
0.18,0.3,0.52,partition_friendly,0.18271449577509535
0.18,0.32,0.5,partition_friendly,0.18289546216010172
0.18,0.34,0.48000000000000004,partition_friendly,0.18307642854510806
0.18,0.36,0.4600000000000001,partition_friendly,0.18325739493011442
0.18,0.38,0.44000000000000006,partition_friendly,0.18343836131512078
0.18,0.4,0.42000000000000004,partition_friendly,0.18361932770012712
0.18,0.42,0.4000000000000001,partition_friendly,0.1838002940851335
0.18,0.44,0.38000000000000006,partition_friendly,0.18398126047013985
0.18,0.46,0.36000000000000004,partition_friendly,0.18416222685514622
0.18,0.48,0.3400000000000001,partition_friendly,0.18434319324015255
0.18,0.5,0.32000000000000006,partition_friendly,0.18452415962515892
0.18,0.52,0.30000000000000004,partition_friendly,0.18470512601016528
0.18,0.54,0.28,partition_friendly,0.18488609239517162
0.18,0.56,0.26,partition_friendly,0.18506705878017798
0.18,0.58,0.2400000000000001,partition_friendly,0.18524802516518435
0.18,0.6,0.22000000000000008,partition_friendly,0.1854289915501907
0.18,0.62,0.20000000000000007,partition_friendly,0.18560995793519705
0.18,0.64,0.18000000000000005,partition_friendly,0.18579092432020342
0.18,0.66,0.16000000000000003,partition_friendly,0.18597189070520978
0.18,0.68,0.14,partition_friendly,0.18615285709021612
0.18,0.7000000000000001,0.12,partition_friendly,0.18633382347522248
0.18,0.72,0.10000000000000009,partition_friendly,0.18651478986022885
0.18,0.74,0.08000000000000007,partition_friendly,0.1866957562452352
0.18,0.76,0.06000000000000005,balanced,0.18529411764705883
0.18,0.78,0.040000000000000036,balanced,0.18352941176470589
0.18,0.8,0.020000000000000018,balanced,0.18176470588235294
0.18,0.8200000000000001,0,balanced,0.18
0.2,0.0,0.8,fast_partition_friendly,0.01636716544444051
0.2,0.02,0.78,fast_partition_friendly,0.03636716544444051
0.2,0.04,0.76,fast_partition_friendly,0.05636716544444051
0.2,0.06,0.74,fast_partition_friendly,0.07636716544444051
0.2,0.08,0.7200000000000001,fast_partition_friendly,0.09636716544444052
0.2,0.1,0.7000000000000001,fast_partition_friendly,0.11636716544444052
0.2,0.12,0.68,fast_partition_friendly,0.1363671654444405
0.2,0.14,0.66,fast_partition_friendly,0.15636716544444051
0.2,0.16,0.64,fast_partition_friendly,0.1763671654444405
0.2,0.18,0.6200000000000001,fast_partition_friendly,0.1963671654444405
0.2,0.2,0.6000000000000001,partition_friendly,0.20180966385006358
0.2,0.22,0.5800000000000001,partition_friendly,0.20199063023506994
0.2,0.24,0.56,partition_friendly,0.2021715966200763
0.2,0.26,0.54,partition_friendly,0.20235256300508264
0.2,0.28,0.52,partition_friendly,0.202533529390089
0.2,0.3,0.5,partition_friendly,0.20271449577509537
0.2,0.32,0.48000000000000004,partition_friendly,0.20289546216010174
0.2,0.34,0.46,partition_friendly,0.20307642854510807
0.2,0.36,0.44000000000000006,partition_friendly,0.20325739493011444
0.2,0.38,0.42000000000000004,partition_friendly,0.2034383613151208
0.2,0.4,0.4,partition_friendly,0.20361932770012714
0.2,0.42,0.38000000000000006,partition_friendly,0.2038002940851335
0.2,0.44,0.36000000000000004,partition_friendly,0.20398126047013987
0.2,0.46,0.34,partition_friendly,0.20416222685514623
0.2,0.48,0.32000000000000006,partition_friendly,0.20434319324015257
0.2,0.5,0.30000000000000004,partition_friendly,0.20452415962515894
0.2,0.52,0.28,partition_friendly,0.2047051260101653
0.2,0.54,0.26,partition_friendly,0.20488609239517164
0.2,0.56,0.24,partition_friendly,0.205067058780178
0.2,0.58,0.22000000000000008,partition_friendly,0.20524802516518437
0.2,0.6,0.20000000000000007,partition_friendly,0.20542899155019073
0.2,0.62,0.18000000000000005,partition_friendly,0.20560995793519707
0.2,0.64,0.16000000000000003,partition_friendly,0.20579092432020343
0.2,0.66,0.14,partition_friendly,0.2059718907052098
0.2,0.68,0.12,partition_friendly,0.20615285709021614
0.2,0.7000000000000001,0.09999999999999998,partition_friendly,0.2063338234752225
0.2,0.72,0.08000000000000007,partition_friendly,0.20651478986022886
0.2,0.74,0.06000000000000005,balanced,0.20529411764705885
0.2,0.76,0.040000000000000036,balanced,0.2035294117647059
0.2,0.78,0.020000000000000018,balanced,0.20176470588235296
0.2,0.8,0,balanced,0.2
0.22,0.0,0.78,fast_partition_friendly,0.018003881988884564
0.22,0.02,0.76,fast_partition_friendly,0.03800388198888456
0.22,0.04,0.74,fast_partition_friendly,0.058003881988884565
0.22,0.06,0.72,fast_partition_friendly,0.07800388198888455
0.22,0.08,0.7000000000000001,fast_partition_friendly,0.09800388198888457
0.22,0.1,0.68,fast_partition_friendly,0.11800388198888456
0.22,0.12,0.66,fast_partition_friendly,0.13800388198888455
0.22,0.14,0.64,fast_partition_friendly,0.15800388198888457
0.22,0.16,0.62,fast_partition_friendly,0.17800388198888456
0.22,0.18,0.6000000000000001,fast_partition_friendly,0.19800388198888455
0.22,0.2,0.5800000000000001,fast_partition_friendly,0.21800388198888457
0.22,0.22,0.56,partition_friendly,0.22199063023506993
0.22,0.24,0.54,partition_friendly,0.2221715966200763
0.22,0.26,0.52,partition_friendly,0.22235256300508263
0.22,0.28,0.5,partition_friendly,0.222533529390089
0.22,0.3,0.48000000000000004,partition_friendly,0.22271449577509536
0.22,0.32,0.46,partition_friendly,0.22289546216010173
0.22,0.34,0.44,partition_friendly,0.22307642854510806
0.22,0.36,0.42000000000000004,partition_friendly,0.22325739493011443
0.22,0.38,0.4,partition_friendly,0.2234383613151208
0.22,0.4,0.38,partition_friendly,0.22361932770012713
0.22,0.42,0.36000000000000004,partition_friendly,0.2238002940851335
0.22,0.44,0.34,partition_friendly,0.22398126047013986
0.22,0.46,0.32,partition_friendly,0.22416222685514622
0.22,0.48,0.30000000000000004,partition_friendly,0.22434319324015256
0.22,0.5,0.28,partition_friendly,0.22452415962515893
0.22,0.52,0.26,partition_friendly,0.2247051260101653
0.22,0.54,0.24,partition_friendly,0.22488609239517163
0.22,0.56,0.21999999999999997,partition_friendly,0.225067058780178
0.22,0.58,0.20000000000000007,partition_friendly,0.22524802516518436
0.22,0.6,0.18000000000000005,partition_friendly,0.22542899155019072
0.22,0.62,0.16000000000000003,partition_friendly,0.22560995793519706
0.22,0.64,0.14,partition_friendly,0.22579092432020342
0.22,0.66,0.12,partition_friendly,0.2259718907052098
0.22,0.68,0.09999999999999998,partition_friendly,0.22615285709021615
0.22,0.7000000000000001,0.07999999999999996,partition_friendly,0.2263338234752225
0.22,0.72,0.06000000000000005,balanced,0.22529411764705884
0.22,0.74,0.040000000000000036,balanced,0.2235294117647059
0.22,0.76,0.020000000000000018,balanced,0.22176470588235295
0.22,0.78,0,balanced,0.22
0.24,0.0,0.76,fast_partition_friendly,0.019640598533328613
0.24,0.02,0.74,fast_partition_friendly,0.039640598533328616
0.24,0.04,0.72,fast_partition_friendly,0.05964059853332861
0.24,0.06,0.7,fast_partition_friendly,0.07964059853332861
0.24,0.08,0.68,fast_partition_friendly,0.09964059853332861
0.24,0.1,0.66,fast_partition_friendly,0.11964059853332862
0.24,0.12,0.64,fast_partition_friendly,0.1396405985333286
0.24,0.14,0.62,fast_partition_friendly,0.15964059853332863
0.24,0.16,0.6,fast_partition_friendly,0.17964059853332862
0.24,0.18,0.5800000000000001,fast_partition_friendly,0.1996405985333286
0.24,0.2,0.56,fast_partition_friendly,0.21964059853332862
0.24,0.22,0.54,fast_partition_friendly,0.2396405985333286
0.24,0.24,0.52,partition_friendly,0.24217159662007628
0.24,0.26,0.5,partition_friendly,0.24235256300508262
0.24,0.28,0.48,partition_friendly,0.242533529390089
0.24,0.3,0.46,partition_friendly,0.24271449577509535
0.24,0.32,0.44,partition_friendly,0.24289546216010172
0.24,0.34,0.42,partition_friendly,0.24307642854510805
0.24,0.36,0.4,partition_friendly,0.24325739493011442
0.24,0.38,0.38,partition_friendly,0.24343836131512078
0.24,0.4,0.36,partition_friendly,0.24361932770012712
0.24,0.42,0.34,partition_friendly,0.24380029408513348
0.24,0.44,0.32,partition_friendly,0.24398126047013985
0.24,0.46,0.3,partition_friendly,0.2441622268551462
0.24,0.48,0.28,partition_friendly,0.24434319324015255
0.24,0.5,0.26,partition_friendly,0.24452415962515892
0.24,0.52,0.24,partition_friendly,0.24470512601016528
0.24,0.54,0.21999999999999997,partition_friendly,0.24488609239517162
0.24,0.56,0.19999999999999996,partition_friendly,0.24506705878017798
0.24,0.58,0.18000000000000005,partition_friendly,0.24524802516518435
0.24,0.6,0.16000000000000003,partition_friendly,0.2454289915501907
0.24,0.62,0.14,partition_friendly,0.24560995793519705
0.24,0.64,0.12,partition_friendly,0.2457909243202034
0.24,0.66,0.09999999999999998,partition_friendly,0.24597189070520978
0.24,0.68,0.07999999999999996,partition_friendly,0.24615285709021612
0.24,0.7000000000000001,0.05999999999999994,balanced,0.2452941176470588
0.24,0.72,0.040000000000000036,balanced,0.24352941176470588
0.24,0.74,0.020000000000000018,balanced,0.24176470588235294
0.24,0.76,0,balanced,0.24
0.26,0.0,0.74,fast_partition_friendly,0.02127731507777267
0.26,0.02,0.72,fast_partition_friendly,0.04127731507777267
0.26,0.04,0.7,fast_partition_friendly,0.06127731507777267
0.26,0.06,0.6799999999999999,fast_partition_friendly,0.08127731507777267
0.26,0.08,0.66,fast_partition_friendly,0.10127731507777267
0.26,0.1,0.64,fast_partition_friendly,0.12127731507777267
0.26,0.12,0.62,fast_partition_friendly,0.14127731507777266
0.26,0.14,0.6,fast_partition_friendly,0.16127731507777268
0.26,0.16,0.58,fast_partition_friendly,0.18127731507777267
0.26,0.18,0.56,fast_partition_friendly,0.20127731507777266
0.26,0.2,0.54,fast_partition_friendly,0.22127731507777268
0.26,0.22,0.52,fast_partition_friendly,0.24127731507777267
0.26,0.24,0.5,fast_partition_friendly,0.26127731507777263
0.26,0.26,0.48,partition_friendly,0.26235256300508264
0.26,0.28,0.45999999999999996,partition_friendly,0.262533529390089
0.26,0.3,0.44,partition_friendly,0.26271449577509537
0.26,0.32,0.42,partition_friendly,0.26289546216010173
0.26,0.34,0.39999999999999997,partition_friendly,0.2630764285451081
0.26,0.36,0.38,partition_friendly,0.2632573949301144
0.26,0.38,0.36,partition_friendly,0.2634383613151208
0.26,0.4,0.33999999999999997,partition_friendly,0.26361932770012714
0.26,0.42,0.32,partition_friendly,0.2638002940851335
0.26,0.44,0.3,partition_friendly,0.26398126047013987
0.26,0.46,0.27999999999999997,partition_friendly,0.26416222685514623
0.26,0.48,0.26,partition_friendly,0.2643431932401526
0.26,0.5,0.24,partition_friendly,0.26452415962515896
0.26,0.52,0.21999999999999997,partition_friendly,0.26470512601016527
0.26,0.54,0.19999999999999996,partition_friendly,0.26488609239517164
0.26,0.56,0.17999999999999994,partition_friendly,0.265067058780178
0.26,0.58,0.16000000000000003,partition_friendly,0.26524802516518436
0.26,0.6,0.14,partition_friendly,0.26542899155019073
0.26,0.62,0.12,partition_friendly,0.2656099579351971
0.26,0.64,0.09999999999999998,partition_friendly,0.26579092432020346
0.26,0.66,0.07999999999999996,partition_friendly,0.26597189070520977
0.26,0.68,0.05999999999999994,balanced,0.26529411764705885
0.26,0.7000000000000001,0.039999999999999925,balanced,0.2635294117647059
0.26,0.72,0.020000000000000018,balanced,0.26176470588235295
0.26,0.74,0,balanced,0.26
0.28,0.0,0.72,fast_partition_friendly,0.02291403162221672
0.28,0.02,0.7,fast_partition_friendly,0.04291403162221672
0.28,0.04,0.6799999999999999,fast_partition_friendly,0.06291403162221672
0.28,0.06,0.6599999999999999,fast_partition_friendly,0.08291403162221672
0.28,0.08,0.64,fast_partition_friendly,0.10291403162221673
0.28,0.1,0.62,fast_partition_friendly,0.12291403162221673
0.28,0.12,0.6,fast_partition_friendly,0.14291403162221672
0.28,0.14,0.58,fast_partition_friendly,0.16291403162221674
0.28,0.16,0.5599999999999999,fast_partition_friendly,0.18291403162221673
0.28,0.18,0.54,fast_partition_friendly,0.20291403162221672
0.28,0.2,0.52,fast_partition_friendly,0.22291403162221674
0.28,0.22,0.5,fast_partition_friendly,0.24291403162221673
0.28,0.24,0.48,fast_partition_friendly,0.2629140316222167
0.28,0.26,0.45999999999999996,partition_friendly,0.28235256300508266
0.28,0.28,0.43999999999999995,partition_friendly,0.282533529390089
0.28,0.3,0.42,partition_friendly,0.2827144957750954
0.28,0.32,0.39999999999999997,partition_friendly,0.28289546216010175
0.28,0.34,0.37999999999999995,partition_friendly,0.2830764285451081
0.28,0.36,0.36,partition_friendly,0.2832573949301144
0.28,0.38,0.33999999999999997,partition_friendly,0.2834383613151208
0.28,0.4,0.31999999999999995,partition_friendly,0.28361932770012716
0.28,0.42,0.3,partition_friendly,0.2838002940851335
0.28,0.44,0.27999999999999997,partition_friendly,0.2839812604701399
0.28,0.46,0.25999999999999995,partition_friendly,0.28416222685514625
0.28,0.48,0.24,partition_friendly,0.2843431932401526
0.28,0.5,0.21999999999999997,partition_friendly,0.284524159625159
0.28,0.52,0.19999999999999996,partition_friendly,0.2847051260101653
0.28,0.54,0.17999999999999994,partition_friendly,0.28488609239517165
0.28,0.56,0.15999999999999992,partition_friendly,0.285067058780178
0.28,0.58,0.14,partition_friendly,0.2852480251651844
0.28,0.6,0.12,partition_friendly,0.28542899155019075
0.28,0.62,0.09999999999999998,partition_friendly,0.2856099579351971
0.28,0.64,0.07999999999999996,partition_friendly,0.2857909243202035
0.28,0.66,0.05999999999999994,balanced,0.28529411764705886
0.28,0.68,0.039999999999999925,balanced,0.2835294117647059
0.28,0.7000000000000001,0.019999999999999907,balanced,0.281764705882353
0.28,0.72,0,balanced,0.28
0.3,0.0,0.7,fast_partition_friendly,0.02455074816666077
0.3,0.02,0.6799999999999999,fast_partition_friendly,0.04455074816666077
0.3,0.04,0.6599999999999999,fast_partition_friendly,0.06455074816666077
0.3,0.06,0.6399999999999999,fast_partition_friendly,0.08455074816666076
0.3,0.08,0.62,fast_partition_friendly,0.10455074816666077
0.3,0.1,0.6,fast_partition_friendly,0.12455074816666077
0.3,0.12,0.58,fast_partition_friendly,0.14455074816666078
0.3,0.14,0.5599999999999999,fast_partition_friendly,0.1645507481666608
0.3,0.16,0.5399999999999999,fast_partition_friendly,0.18455074816666078
0.3,0.18,0.52,fast_partition_friendly,0.20455074816666077
0.3,0.2,0.49999999999999994,fast_partition_friendly,0.2245507481666608
0.3,0.22,0.48,fast_partition_friendly,0.24455074816666078
0.3,0.24,0.45999999999999996,fast_partition_friendly,0.26455074816666074
0.3,0.26,0.43999999999999995,fast_partition_friendly,0.28455074816666076
0.3,0.28,0.41999999999999993,partition_friendly,0.302533529390089
0.3,0.3,0.39999999999999997,partition_friendly,0.30271449577509535
0.3,0.32,0.37999999999999995,partition_friendly,0.3028954621601017
0.3,0.34,0.35999999999999993,partition_friendly,0.3030764285451081
0.3,0.36,0.33999999999999997,partition_friendly,0.3032573949301144
0.3,0.38,0.31999999999999995,partition_friendly,0.30343836131512075
0.3,0.4,0.29999999999999993,partition_friendly,0.3036193277001271
0.3,0.42,0.27999999999999997,partition_friendly,0.3038002940851335
0.3,0.44,0.25999999999999995,partition_friendly,0.30398126047013985
0.3,0.46,0.23999999999999994,partition_friendly,0.3041622268551462
0.3,0.48,0.21999999999999997,partition_friendly,0.3043431932401526
0.3,0.5,0.19999999999999996,partition_friendly,0.3045241596251589
0.3,0.52,0.17999999999999994,partition_friendly,0.30470512601016525
0.3,0.54,0.15999999999999992,partition_friendly,0.3048860923951716
0.3,0.56,0.1399999999999999,partition_friendly,0.305067058780178
0.3,0.58,0.12,partition_friendly,0.30524802516518434
0.3,0.6,0.09999999999999998,partition_friendly,0.3054289915501907
0.3,0.62,0.07999999999999996,partition_friendly,0.3056099579351971
0.3,0.64,0.05999999999999994,balanced,0.3052941176470588
0.3,0.66,0.039999999999999925,balanced,0.3035294117647059
0.3,0.68,0.019999999999999907,balanced,0.30176470588235293
0.3,0.7,0,balanced,0.3
0.32,0.0,0.6799999999999999,fast_partition_friendly,0.02618746471110482
0.32,0.019999999999999997,0.6599999999999999,fast_partition_friendly,0.04618746471110482
0.32,0.039999999999999994,0.6399999999999999,fast_partition_friendly,0.06618746471110482
0.32,0.05999999999999999,0.62,fast_partition_friendly,0.0861874647111048
0.32,0.07999999999999999,0.6,fast_partition_friendly,0.10618746471110481
0.32,0.09999999999999998,0.58,fast_partition_friendly,0.1261874647111048
0.32,0.11999999999999998,0.5599999999999999,fast_partition_friendly,0.1461874647111048
0.32,0.13999999999999999,0.5399999999999999,fast_partition_friendly,0.1661874647111048
0.32,0.15999999999999998,0.52,fast_partition_friendly,0.1861874647111048
0.32,0.17999999999999997,0.5,fast_partition_friendly,0.20618746471110477
0.32,0.19999999999999996,0.48,fast_partition_friendly,0.2261874647111048
0.32,0.21999999999999997,0.45999999999999996,fast_partition_friendly,0.2461874647111048
0.32,0.23999999999999996,0.43999999999999995,fast_partition_friendly,0.26618746471110477
0.32,0.25999999999999995,0.42,fast_partition_friendly,0.2861874647111048
0.32,0.27999999999999997,0.39999999999999997,fast_partition_friendly,0.3061874647111048
0.32,0.29999999999999993,0.38,partition_friendly,0.32271449577509537
0.32,0.31999999999999995,0.36,partition_friendly,0.32289546216010173
0.32,0.33999999999999997,0.33999999999999997,partition_friendly,0.3230764285451081
0.32,0.35999999999999993,0.32,partition_friendly,0.3232573949301144
0.32,0.37999999999999995,0.3,partition_friendly,0.32343836131512077
0.32,0.3999999999999999,0.28,partition_friendly,0.32361932770012714
0.32,0.41999999999999993,0.26,partition_friendly,0.3238002940851335
0.32,0.43999999999999995,0.24,partition_friendly,0.32398126047013986
0.32,0.4599999999999999,0.22000000000000003,partition_friendly,0.32416222685514623
0.32,0.4799999999999999,0.2,partition_friendly,0.3243431932401526
0.32,0.49999999999999994,0.18,partition_friendly,0.3245241596251589
0.32,0.5199999999999999,0.16000000000000003,partition_friendly,0.32470512601016527
0.32,0.5399999999999999,0.14,partition_friendly,0.32488609239517163
0.32,0.5599999999999999,0.12,partition_friendly,0.325067058780178
0.32,0.58,0.09999999999999998,partition_friendly,0.32524802516518436
0.32,0.5999999999999999,0.08000000000000007,partition_friendly,0.3254289915501907
0.32,0.6199999999999999,0.06000000000000005,balanced,0.32529411764705884
0.32,0.6399999999999999,0.040000000000000036,balanced,0.3235294117647059
0.32,0.6599999999999999,0.020000000000000018,balanced,0.32176470588235295
0.32,0.6799999999999999,0,balanced,0.32
0.34,0.0,0.6599999999999999,fast_partition_friendly,0.027824181255548874
0.34,0.019999999999999997,0.6399999999999999,fast_partition_friendly,0.04782418125554887
0.34,0.039999999999999994,0.6199999999999999,fast_partition_friendly,0.06782418125554887
0.34,0.05999999999999999,0.6,fast_partition_friendly,0.08782418125554886
0.34,0.07999999999999999,0.58,fast_partition_friendly,0.10782418125554886
0.34,0.09999999999999998,0.5599999999999999,fast_partition_friendly,0.12782418125554884
0.34,0.11999999999999998,0.5399999999999999,fast_partition_friendly,0.14782418125554886
0.34,0.13999999999999999,0.5199999999999999,fast_partition_friendly,0.16782418125554885
0.34,0.15999999999999998,0.49999999999999994,fast_partition_friendly,0.18782418125554884
0.34,0.17999999999999997,0.48,fast_partition_friendly,0.20782418125554883
0.34,0.19999999999999996,0.45999999999999996,fast_partition_friendly,0.22782418125554882
0.34,0.21999999999999997,0.43999999999999995,fast_partition_friendly,0.24782418125554884
0.34,0.23999999999999996,0.41999999999999993,fast_partition_friendly,0.26782418125554885
0.34,0.25999999999999995,0.39999999999999997,fast_partition_friendly,0.2878241812555488
0.34,0.27999999999999997,0.37999999999999995,fast_partition_friendly,0.30782418125554883
0.34,0.29999999999999993,0.36,fast_partition_friendly,0.3278241812555488
0.34,0.31999999999999995,0.33999999999999997,partition_friendly,0.34289546216010175
0.34,0.33999999999999997,0.31999999999999995,partition_friendly,0.3430764285451081
0.34,0.35999999999999993,0.3,partition_friendly,0.3432573949301144
0.34,0.37999999999999995,0.27999999999999997,partition_friendly,0.3434383613151208
0.34,0.3999999999999999,0.26,partition_friendly,0.34361932770012715
0.34,0.41999999999999993,0.24,partition_friendly,0.3438002940851335
0.34,0.43999999999999995,0.21999999999999997,partition_friendly,0.3439812604701399
0.34,0.4599999999999999,0.2,partition_friendly,0.34416222685514625
0.34,0.4799999999999999,0.18,partition_friendly,0.3443431932401526
0.34,0.49999999999999994,0.15999999999999998,partition_friendly,0.3445241596251589
0.34,0.5199999999999999,0.14,partition_friendly,0.3447051260101653
0.34,0.5399999999999999,0.12,partition_friendly,0.34488609239517165
0.34,0.5599999999999999,0.09999999999999998,partition_friendly,0.345067058780178
0.34,0.58,0.07999999999999996,partition_friendly,0.3452480251651844
0.34,0.5999999999999999,0.06000000000000005,balanced,0.34529411764705886
0.34,0.6199999999999999,0.040000000000000036,balanced,0.3435294117647059
0.34,0.6399999999999999,0.020000000000000018,balanced,0.34176470588235297
0.34,0.6599999999999999,0,balanced,0.34
0.36,0.0,0.64,fast_partition_friendly,0.029460897799992922
0.36,0.02,0.62,fast_partition_friendly,0.04946089779999292
0.36,0.04,0.6,fast_partition_friendly,0.06946089779999293
0.36,0.06,0.5800000000000001,fast_partition_friendly,0.08946089779999292
0.36,0.08,0.56,fast_partition_friendly,0.10946089779999292
0.36,0.1,0.54,fast_partition_friendly,0.12946089779999292
0.36,0.12,0.52,fast_partition_friendly,0.14946089779999291
0.36,0.14,0.5,fast_partition_friendly,0.16946089779999293
0.36,0.16,0.48,fast_partition_friendly,0.18946089779999292
0.36,0.18,0.46,fast_partition_friendly,0.2094608977999929
0.36,0.2,0.44,fast_partition_friendly,0.22946089779999293
0.36,0.22,0.42000000000000004,fast_partition_friendly,0.24946089779999292
0.36,0.24,0.4,fast_partition_friendly,0.26946089779999294
0.36,0.26,0.38,fast_partition_friendly,0.28946089779999296
0.36,0.28,0.36,fast_partition_friendly,0.309460897799993
0.36,0.3,0.34,fast_partition_friendly,0.32946089779999294
0.36,0.32,0.32,fast_partition_friendly,0.34946089779999295
0.36,0.34,0.3,partition_friendly,0.3630764285451081
0.36,0.36,0.28,partition_friendly,0.3632573949301144
0.36,0.38,0.26,partition_friendly,0.36343836131512075
0.36,0.4,0.24,partition_friendly,0.3636193277001271
0.36,0.42,0.22000000000000003,partition_friendly,0.3638002940851335
0.36,0.44,0.2,partition_friendly,0.36398126047013984
0.36,0.46,0.18,partition_friendly,0.3641622268551462
0.36,0.48,0.16000000000000003,partition_friendly,0.3643431932401526
0.36,0.5,0.14,partition_friendly,0.36452415962515894
0.36,0.52,0.12,partition_friendly,0.36470512601016525
0.36,0.54,0.09999999999999998,partition_friendly,0.3648860923951716
0.36,0.56,0.07999999999999996,partition_friendly,0.365067058780178
0.36,0.58,0.06000000000000005,partition_friendly,0.36524802516518434
0.36,0.6,0.040000000000000036,balanced,0.3635294117647059
0.36,0.62,0.020000000000000018,balanced,0.36176470588235293
0.36,0.64,0,balanced,0.36
0.38,0.0,0.62,fast_partition_friendly,0.031097614344436975
0.38,0.02,0.6,fast_partition_friendly,0.05109761434443698
0.38,0.04,0.58,fast_partition_friendly,0.07109761434443698
0.38,0.06,0.56,fast_partition_friendly,0.09109761434443697
0.38,0.08,0.54,fast_partition_friendly,0.11109761434443698
0.38,0.1,0.52,fast_partition_friendly,0.13109761434443698
0.38,0.12,0.5,fast_partition_friendly,0.15109761434443697
0.38,0.14,0.48,fast_partition_friendly,0.171097614344437
0.38,0.16,0.45999999999999996,fast_partition_friendly,0.19109761434443698
0.38,0.18,0.44,fast_partition_friendly,0.21109761434443697
0.38,0.2,0.42,fast_partition_friendly,0.23109761434443699
0.38,0.22,0.4,fast_partition_friendly,0.251097614344437
0.38,0.24,0.38,fast_partition_friendly,0.27109761434443697
0.38,0.26,0.36,fast_partition_friendly,0.291097614344437
0.38,0.28,0.33999999999999997,fast_partition_friendly,0.311097614344437
0.38,0.3,0.32,fast_partition_friendly,0.33109761434443696
0.38,0.32,0.3,fast_partition_friendly,0.351097614344437
0.38,0.34,0.27999999999999997,fast_partition_friendly,0.371097614344437
0.38,0.36,0.26,partition_friendly,0.3832573949301144
0.38,0.38,0.24,partition_friendly,0.38343836131512077
0.38,0.4,0.21999999999999997,partition_friendly,0.38361932770012713
0.38,0.42,0.2,partition_friendly,0.3838002940851335
0.38,0.44,0.18,partition_friendly,0.38398126047013986
0.38,0.46,0.15999999999999998,partition_friendly,0.3841622268551462
0.38,0.48,0.14,partition_friendly,0.3843431932401526
0.38,0.5,0.12,partition_friendly,0.38452415962515896
0.38,0.52,0.09999999999999998,partition_friendly,0.38470512601016527
0.38,0.54,0.07999999999999996,partition_friendly,0.38488609239517163
0.38,0.56,0.05999999999999994,partition_friendly,0.385067058780178
0.38,0.58,0.040000000000000036,balanced,0.3835294117647059
0.38,0.6,0.020000000000000018,balanced,0.38176470588235295
0.38,0.62,0,balanced,0.38
0.4,0.0,0.6,fast_partition_friendly,0.03273433088888102
0.4,0.02,0.58,fast_partition_friendly,0.05273433088888102
0.4,0.04,0.5599999999999999,fast_partition_friendly,0.07273433088888102
0.4,0.06,0.54,fast_partition_friendly,0.09273433088888103
0.4,0.08,0.52,fast_partition_friendly,0.11273433088888102
0.4,0.1,0.5,fast_partition_friendly,0.13273433088888104
0.4,0.12,0.48,fast_partition_friendly,0.15273433088888103
0.4,0.14,0.45999999999999996,fast_partition_friendly,0.17273433088888104
0.4,0.16,0.43999999999999995,fast_partition_friendly,0.19273433088888103
0.4,0.18,0.42,fast_partition_friendly,0.21273433088888102
0.4,0.2,0.39999999999999997,fast_partition_friendly,0.23273433088888104
0.4,0.22,0.38,fast_partition_friendly,0.25273433088888103
0.4,0.24,0.36,fast_partition_friendly,0.272734330888881
0.4,0.26,0.33999999999999997,fast_partition_friendly,0.292734330888881
0.4,0.28,0.31999999999999995,fast_partition_friendly,0.31273433088888103
0.4,0.3,0.3,fast_partition_friendly,0.332734330888881
0.4,0.32,0.27999999999999997,fast_partition_friendly,0.352734330888881
0.4,0.34,0.25999999999999995,fast_partition_friendly,0.372734330888881
0.4,0.36,0.24,fast_partition_friendly,0.392734330888881
0.4,0.38,0.21999999999999997,partition_friendly,0.4034383613151208
0.4,0.4,0.19999999999999996,partition_friendly,0.40361932770012715
0.4,0.42,0.18,partition_friendly,0.4038002940851335
0.4,0.44,0.15999999999999998,partition_friendly,0.4039812604701399
0.4,0.46,0.13999999999999996,partition_friendly,0.40416222685514624
0.4,0.48,0.12,partition_friendly,0.4043431932401526
0.4,0.5,0.09999999999999998,partition_friendly,0.404524159625159
0.4,0.52,0.07999999999999996,partition_friendly,0.4047051260101653
0.4,0.54,0.05999999999999994,partition_friendly,0.40488609239517165
0.4,0.56,0.039999999999999925,balanced,0.4035294117647059
0.4,0.58,0.020000000000000018,balanced,0.40176470588235297
0.4,0.6,0,balanced,0.4
0.42,0.0,0.5800000000000001,fast_partition_friendly,0.03437104743332507
0.42,0.020000000000000004,0.56,fast_partition_friendly,0.054371047433325076
0.42,0.04000000000000001,0.54,fast_partition_friendly,0.07437104743332508
0.42,0.06000000000000001,0.52,fast_partition_friendly,0.09437104743332508
0.42,0.08000000000000002,0.5,fast_partition_friendly,0.11437104743332509
0.42,0.10000000000000002,0.48000000000000004,fast_partition_friendly,0.1343710474333251
0.42,0.12000000000000002,0.4600000000000001,fast_partition_friendly,0.15437104743332508
0.42,0.14,0.44000000000000006,fast_partition_friendly,0.1743710474333251
0.42,0.16000000000000003,0.42000000000000004,fast_partition_friendly,0.19437104743332512
0.42,0.18000000000000005,0.4,fast_partition_friendly,0.21437104743332513
0.42,0.20000000000000004,0.38,fast_partition_friendly,0.2343710474333251
0.42,0.22000000000000003,0.36000000000000004,fast_partition_friendly,0.2543710474333251
0.42,0.24000000000000005,0.34,fast_partition_friendly,0.27437104743332513
0.42,0.26000000000000006,0.32,fast_partition_friendly,0.29437104743332515
0.42,0.28,0.30000000000000004,fast_partition_friendly,0.3143710474333251
0.42,0.30000000000000004,0.28,fast_partition_friendly,0.33437104743332513
0.42,0.32000000000000006,0.26,fast_partition_friendly,0.35437104743332515
0.42,0.3400000000000001,0.24,fast_partition_friendly,0.37437104743332517
0.42,0.3600000000000001,0.21999999999999997,fast_partition_friendly,0.3943710474333252
0.42,0.38000000000000006,0.2,fast_partition_friendly,0.41437104743332515
0.42,0.4000000000000001,0.18,partition_friendly,0.4236193277001271
0.42,0.4200000000000001,0.15999999999999998,partition_friendly,0.4238002940851335
0.42,0.44000000000000006,0.14,partition_friendly,0.42398126047013984
0.42,0.4600000000000001,0.12,partition_friendly,0.4241622268551462
0.42,0.4800000000000001,0.09999999999999998,partition_friendly,0.42434319324015257
0.42,0.5000000000000001,0.07999999999999996,partition_friendly,0.42452415962515894
0.42,0.5200000000000001,0.05999999999999994,partition_friendly,0.42470512601016525
0.42,0.5400000000000001,0.039999999999999925,balanced,0.4235294117647059
0.42,0.56,0.020000000000000018,balanced,0.42176470588235293
0.42,0.5800000000000001,0,balanced,0.42
0.44,0.0,0.56,fast_partition_friendly,0.03600776397776913
0.44,0.02,0.54,fast_partition_friendly,0.05600776397776913
0.44,0.04,0.52,fast_partition_friendly,0.07600776397776912
0.44,0.06,0.5,fast_partition_friendly,0.09600776397776913
0.44,0.08,0.48000000000000004,fast_partition_friendly,0.11600776397776913
0.44,0.1,0.4600000000000001,fast_partition_friendly,0.13600776397776915
0.44,0.12,0.44000000000000006,fast_partition_friendly,0.1560077639777691
0.44,0.14,0.42000000000000004,fast_partition_friendly,0.17600776397776913
0.44,0.16,0.4,fast_partition_friendly,0.19600776397776914
0.44,0.18,0.38000000000000006,fast_partition_friendly,0.2160077639777691
0.44,0.2,0.36000000000000004,fast_partition_friendly,0.23600776397776912
0.44,0.22,0.3400000000000001,fast_partition_friendly,0.25600776397776914
0.44,0.24,0.32000000000000006,fast_partition_friendly,0.2760077639777691
0.44,0.26,0.30000000000000004,fast_partition_friendly,0.2960077639777691
0.44,0.28,0.28,fast_partition_friendly,0.31600776397776914
0.44,0.3,0.26000000000000006,fast_partition_friendly,0.3360077639777691
0.44,0.32,0.24000000000000005,fast_partition_friendly,0.3560077639777691
0.44,0.34,0.22000000000000003,fast_partition_friendly,0.37600776397776914
0.44,0.36,0.20000000000000007,fast_partition_friendly,0.3960077639777691
0.44,0.38,0.18000000000000005,fast_partition_friendly,0.4160077639777691
0.44,0.4,0.16000000000000003,fast_partition_friendly,0.43600776397776914
0.44,0.42,0.14000000000000007,partition_friendly,0.4438002940851335
0.44,0.44,0.12000000000000005,partition_friendly,0.44398126047013986
0.44,0.46,0.10000000000000003,partition_friendly,0.4441622268551462
0.44,0.48,0.08000000000000007,partition_friendly,0.4443431932401526
0.44,0.5,0.06000000000000005,partition_friendly,0.4445241596251589
0.44,0.52,0.040000000000000036,balanced,0.4435294117647059
0.44,0.54,0.020000000000000018,balanced,0.44176470588235295
0.44,0.56,0,balanced,0.44
0.46,0.0,0.54,fast_partition_friendly,0.03764448052221318
0.46,0.02,0.52,fast_partition_friendly,0.05764448052221319
0.46,0.04,0.5,fast_partition_friendly,0.07764448052221318
0.46,0.06,0.48000000000000004,fast_partition_friendly,0.09764448052221318
0.46,0.08,0.46,fast_partition_friendly,0.11764448052221319
0.46,0.1,0.44000000000000006,fast_partition_friendly,0.13764448052221318
0.46,0.12,0.42000000000000004,fast_partition_friendly,0.1576444805222132
0.46,0.14,0.4,fast_partition_friendly,0.1776444805222132
0.46,0.16,0.38,fast_partition_friendly,0.19764448052221317
0.46,0.18,0.36000000000000004,fast_partition_friendly,0.2176444805222132
0.46,0.2,0.34,fast_partition_friendly,0.2376444805222132
0.46,0.22,0.32000000000000006,fast_partition_friendly,0.25764448052221317
0.46,0.24,0.30000000000000004,fast_partition_friendly,0.2776444805222132
0.46,0.26,0.28,fast_partition_friendly,0.2976444805222132
0.46,0.28,0.26,fast_partition_friendly,0.3176444805222132
0.46,0.3,0.24000000000000005,fast_partition_friendly,0.3376444805222132
0.46,0.32,0.22000000000000003,fast_partition_friendly,0.3576444805222132
0.46,0.34,0.2,fast_partition_friendly,0.3776444805222132
0.46,0.36,0.18000000000000005,fast_partition_friendly,0.3976444805222132
0.46,0.38,0.16000000000000003,fast_partition_friendly,0.4176444805222132
0.46,0.4,0.14,fast_partition_friendly,0.4376444805222132
0.46,0.42,0.12000000000000005,fast_partition_friendly,0.4576444805222132
0.46,0.44,0.10000000000000003,partition_friendly,0.4639812604701399
0.46,0.46,0.08000000000000002,partition_friendly,0.46416222685514624
0.46,0.48,0.06000000000000005,partition_friendly,0.4643431932401526
0.46,0.5,0.040000000000000036,balanced,0.4635294117647059
0.46,0.52,0.020000000000000018,balanced,0.46176470588235297
0.46,0.54,0,balanced,0.46
0.48,0.0,0.52,fast_partition_friendly,0.039281197066657225
0.48,0.02,0.5,fast_partition_friendly,0.05928119706665723
0.48,0.04,0.48000000000000004,fast_partition_friendly,0.07928119706665723
0.48,0.06,0.46,fast_partition_friendly,0.09928119706665722
0.48,0.08,0.44,fast_partition_friendly,0.11928119706665723
0.48,0.1,0.42000000000000004,fast_partition_friendly,0.13928119706665723
0.48,0.12,0.4,fast_partition_friendly,0.15928119706665722
0.48,0.14,0.38,fast_partition_friendly,0.17928119706665724
0.48,0.16,0.36,fast_partition_friendly,0.19928119706665723
0.48,0.18,0.34,fast_partition_friendly,0.21928119706665722
0.48,0.2,0.32,fast_partition_friendly,0.23928119706665724
0.48,0.22,0.30000000000000004,fast_partition_friendly,0.2592811970666572
0.48,0.24,0.28,fast_partition_friendly,0.2792811970666572
0.48,0.26,0.26,fast_partition_friendly,0.29928119706665723
0.48,0.28,0.24,fast_partition_friendly,0.31928119706665725
0.48,0.3,0.22000000000000003,fast_partition_friendly,0.3392811970666572
0.48,0.32,0.2,fast_partition_friendly,0.35928119706665723
0.48,0.34,0.18,fast_partition_friendly,0.37928119706665725
0.48,0.36,0.16000000000000003,fast_partition_friendly,0.3992811970666572
0.48,0.38,0.14,fast_partition_friendly,0.41928119706665723
0.48,0.4,0.12,fast_partition_friendly,0.43928119706665725
0.48,0.42,0.10000000000000003,fast_partition_friendly,0.4592811970666572
0.48,0.44,0.08000000000000002,fast_partition_friendly,0.4792811970666572
0.48,0.46,0.06,partition_friendly,0.4841622268551462
0.48,0.48,0.040000000000000036,balanced,0.4835294117647059
0.48,0.5,0.020000000000000018,balanced,0.48176470588235293
0.48,0.52,0,balanced,0.48
0.5,0.0,0.5,fast_partition_friendly,0.04091791361110128
0.5,0.02,0.48,fast_partition_friendly,0.060917913611101285
0.5,0.04,0.46,fast_partition_friendly,0.08091791361110129
0.5,0.06,0.44,fast_partition_friendly,0.10091791361110128
0.5,0.08,0.42,fast_partition_friendly,0.12091791361110128
0.5,0.1,0.4,fast_partition_friendly,0.1409179136111013
0.5,0.12,0.38,fast_partition_friendly,0.16091791361110128
0.5,0.14,0.36,fast_partition_friendly,0.1809179136111013
0.5,0.16,0.33999999999999997,fast_partition_friendly,0.20091791361110128
0.5,0.18,0.32,fast_partition_friendly,0.22091791361110127
0.5,0.2,0.3,fast_partition_friendly,0.2409179136111013
0.5,0.22,0.28,fast_partition_friendly,0.2609179136111013
0.5,0.24,0.26,fast_partition_friendly,0.2809179136111013
0.5,0.26,0.24,fast_partition_friendly,0.3009179136111013
0.5,0.28,0.21999999999999997,fast_partition_friendly,0.32091791361110134
0.5,0.3,0.2,fast_partition_friendly,0.34091791361110124
0.5,0.32,0.18,fast_partition_friendly,0.36091791361110126
0.5,0.34,0.15999999999999998,fast_partition_friendly,0.3809179136111013
0.5,0.36,0.14,fast_partition_friendly,0.4009179136111013
0.5,0.38,0.12,fast_partition_friendly,0.4209179136111013
0.5,0.4,0.09999999999999998,fast_partition_friendly,0.44091791361110133
0.5,0.42,0.08000000000000002,fast_partition_friendly,0.46091791361110124
0.5,0.44,0.06,fast_partition_friendly,0.48091791361110126
0.5,0.46,0.03999999999999998,robust,0.49530669238744
0.5,0.48,0.020000000000000018,robust,0.49510263553472006
0.5,0.5,0,robust,0.49489857868200005
0.52,0.0,0.48,fast_partition_friendly,0.04255463015554534
0.52,0.02,0.45999999999999996,fast_partition_friendly,0.06255463015554534
0.52,0.04,0.44,fast_partition_friendly,0.08255463015554534
0.52,0.06,0.42,fast_partition_friendly,0.10255463015554533
0.52,0.08,0.39999999999999997,fast_partition_friendly,0.12255463015554534
0.52,0.1,0.38,fast_partition_friendly,0.14255463015554534
0.52,0.12,0.36,fast_partition_friendly,0.16255463015554533
0.52,0.14,0.33999999999999997,fast_partition_friendly,0.18255463015554535
0.52,0.16,0.31999999999999995,fast_partition_friendly,0.20255463015554534
0.52,0.18,0.3,fast_partition_friendly,0.22255463015554533
0.52,0.2,0.27999999999999997,fast_partition_friendly,0.24255463015554535
0.52,0.22,0.26,fast_partition_friendly,0.26255463015554537
0.52,0.24,0.24,fast_partition_friendly,0.2825546301555453
0.52,0.26,0.21999999999999997,fast_partition_friendly,0.30255463015554535
0.52,0.28,0.19999999999999996,fast_partition_friendly,0.32255463015554536
0.52,0.3,0.18,fast_partition_friendly,0.3425546301555453
0.52,0.32,0.15999999999999998,fast_partition_friendly,0.36255463015554534
0.52,0.34,0.13999999999999996,fast_partition_friendly,0.38255463015554536
0.52,0.36,0.12,fast_partition_friendly,0.4025546301555453
0.52,0.38,0.09999999999999998,fast_partition_friendly,0.42255463015554534
0.52,0.4,0.07999999999999996,fast_partition_friendly,0.44255463015554536
0.52,0.42,0.06,fast_partition_friendly,0.4625546301555453
0.52,0.44,0.03999999999999998,robust,0.47551074924016
0.52,0.46,0.019999999999999962,robust,0.47530669238744
0.52,0.48,0,robust,0.47510263553472004
0.54,0.0,0.45999999999999996,fast_partition_friendly,0.044191346699989385
0.54,0.019999999999999997,0.43999999999999995,fast_partition_friendly,0.06419134669998938
0.54,0.039999999999999994,0.42,fast_partition_friendly,0.08419134669998937
0.54,0.05999999999999999,0.39999999999999997,fast_partition_friendly,0.10419134669998938
0.54,0.07999999999999999,0.38,fast_partition_friendly,0.12419134669998938
0.54,0.09999999999999998,0.36,fast_partition_friendly,0.14419134669998937
0.54,0.11999999999999998,0.33999999999999997,fast_partition_friendly,0.16419134669998936
0.54,0.13999999999999999,0.31999999999999995,fast_partition_friendly,0.18419134669998938
0.54,0.15999999999999998,0.3,fast_partition_friendly,0.20419134669998937
0.54,0.17999999999999997,0.28,fast_partition_friendly,0.22419134669998936
0.54,0.19999999999999996,0.26,fast_partition_friendly,0.24419134669998935
0.54,0.21999999999999997,0.24,fast_partition_friendly,0.26419134669998934
0.54,0.23999999999999996,0.22,fast_partition_friendly,0.28419134669998936
0.54,0.25999999999999995,0.2,fast_partition_friendly,0.3041913466999893
0.54,0.27999999999999997,0.18,fast_partition_friendly,0.32419134669998934
0.54,0.29999999999999993,0.16000000000000003,fast_partition_friendly,0.3441913466999893
0.54,0.31999999999999995,0.14,fast_partition_friendly,0.3641913466999893
0.54,0.33999999999999997,0.12,fast_partition_friendly,0.38419134669998933
0.54,0.35999999999999993,0.10000000000000003,fast_partition_friendly,0.4041913466999893
0.54,0.37999999999999995,0.08000000000000002,fast_partition_friendly,0.4241913466999893
0.54,0.3999999999999999,0.06000000000000005,fast_partition_friendly,0.4441913466999893
0.54,0.41999999999999993,0.040000000000000036,robust,0.45571480609288
0.54,0.43999999999999995,0.020000000000000018,robust,0.45551074924016
0.54,0.45999999999999996,0,robust,0.45530669238744
0.56,0.0,0.43999999999999995,fast_partition_friendly,0.04582806324443344
0.56,0.019999999999999997,0.41999999999999993,fast_partition_friendly,0.06582806324443344
0.56,0.039999999999999994,0.39999999999999997,fast_partition_friendly,0.08582806324443343
0.56,0.05999999999999999,0.37999999999999995,fast_partition_friendly,0.10582806324443343
0.56,0.07999999999999999,0.36,fast_partition_friendly,0.12582806324443344
0.56,0.09999999999999998,0.33999999999999997,fast_partition_friendly,0.14582806324443343
0.56,0.11999999999999998,0.31999999999999995,fast_partition_friendly,0.16582806324443342
0.56,0.13999999999999999,0.29999999999999993,fast_partition_friendly,0.18582806324443343
0.56,0.15999999999999998,0.27999999999999997,fast_partition_friendly,0.20582806324443342
0.56,0.17999999999999997,0.26,fast_partition_friendly,0.2258280632444334
0.56,0.19999999999999996,0.24,fast_partition_friendly,0.2458280632444334
0.56,0.21999999999999997,0.21999999999999997,fast_partition_friendly,0.2658280632444334
0.56,0.23999999999999996,0.19999999999999998,fast_partition_friendly,0.2858280632444334
0.56,0.25999999999999995,0.18,fast_partition_friendly,0.3058280632444334
0.56,0.27999999999999997,0.15999999999999998,fast_partition_friendly,0.3258280632444334
0.56,0.29999999999999993,0.14,fast_partition_friendly,0.3458280632444334
0.56,0.31999999999999995,0.12,fast_partition_friendly,0.3658280632444334
0.56,0.33999999999999997,0.09999999999999998,fast_partition_friendly,0.3858280632444334
0.56,0.35999999999999993,0.08000000000000002,fast_partition_friendly,0.4058280632444334
0.56,0.37999999999999995,0.06,fast_partition_friendly,0.4258280632444334
0.56,0.3999999999999999,0.040000000000000036,robust,0.4359188629456
0.56,0.41999999999999993,0.020000000000000018,robust,0.43571480609288
0.56,0.43999999999999995,0,robust,0.43551074924016
0.58,0.0,0.42000000000000004,fast_partition_friendly,0.04746477978887748
0.58,0.02,0.4,fast_partition_friendly,0.06746477978887748
0.58,0.04,0.38000000000000006,fast_partition_friendly,0.08746477978887748
0.58,0.06,0.36000000000000004,fast_partition_friendly,0.10746477978887747
0.58,0.08,0.34,fast_partition_friendly,0.1274647797888775
0.58,0.1,0.32000000000000006,fast_partition_friendly,0.14746477978887748
0.58,0.12,0.30000000000000004,fast_partition_friendly,0.16746477978887747
0.58,0.14,0.28,fast_partition_friendly,0.1874647797888775
0.58,0.16,0.26,fast_partition_friendly,0.20746477978887748
0.58,0.18,0.24000000000000005,fast_partition_friendly,0.22746477978887747
0.58,0.2,0.22000000000000003,fast_partition_friendly,0.2474647797888775
0.58,0.22,0.20000000000000004,fast_partition_friendly,0.2674647797888775
0.58,0.24,0.18000000000000005,fast_partition_friendly,0.28746477978887747
0.58,0.26,0.16000000000000003,fast_partition_friendly,0.3074647797888775
0.58,0.28,0.14,fast_partition_friendly,0.3274647797888775
0.58,0.3,0.12000000000000005,fast_partition_friendly,0.34746477978887746
0.58,0.32,0.10000000000000003,fast_partition_friendly,0.3674647797888775
0.58,0.34,0.08000000000000002,fast_partition_friendly,0.3874647797888775
0.58,0.36,0.06000000000000005,fast_partition_friendly,0.40746477978887746
0.58,0.38,0.040000000000000036,robust,0.41612291979832006
0.58,0.4,0.020000000000000018,robust,0.4159188629456001
0.58,0.42000000000000004,0,robust,0.4157148060928801
0.6,0.0,0.4,fast_partition_friendly,0.04910149633332154
0.6,0.02,0.38,fast_partition_friendly,0.06910149633332154
0.6,0.04,0.36000000000000004,fast_partition_friendly,0.08910149633332154
0.6,0.06,0.34,fast_partition_friendly,0.10910149633332153
0.6,0.08,0.32,fast_partition_friendly,0.12910149633332155
0.6,0.1,0.30000000000000004,fast_partition_friendly,0.14910149633332154
0.6,0.12,0.28,fast_partition_friendly,0.16910149633332153
0.6,0.14,0.26,fast_partition_friendly,0.18910149633332154
0.6,0.16,0.24000000000000002,fast_partition_friendly,0.20910149633332153
0.6,0.18,0.22000000000000003,fast_partition_friendly,0.22910149633332152
0.6,0.2,0.2,fast_partition_friendly,0.24910149633332154
0.6,0.22,0.18000000000000002,fast_partition_friendly,0.26910149633332153
0.6,0.24,0.16000000000000003,fast_partition_friendly,0.28910149633332155
0.6,0.26,0.14,fast_partition_friendly,0.30910149633332157
0.6,0.28,0.12,fast_partition_friendly,0.3291014963333216
0.6,0.3,0.10000000000000003,fast_partition_friendly,0.34910149633332155
0.6,0.32,0.08000000000000002,fast_partition_friendly,0.36910149633332157
0.6,0.34,0.06,fast_partition_friendly,0.3891014963333216
0.6,0.36,0.040000000000000036,robust,0.39632697665104005
0.6,0.38,0.020000000000000018,robust,0.39612291979832004
0.6,0.4,0,robust,0.3959188629456001
0.62,0.0,0.38,fast_partition_friendly,0.05073821287776559
0.62,0.02,0.36,fast_partition_friendly,0.07073821287776559
0.62,0.04,0.34,fast_partition_friendly,0.0907382128777656
0.62,0.06,0.32,fast_partition_friendly,0.11073821287776558
0.62,0.08,0.3,fast_partition_friendly,0.1307382128777656
0.62,0.1,0.28,fast_partition_friendly,0.1507382128777656
0.62,0.12,0.26,fast_partition_friendly,0.17073821287776558
0.62,0.14,0.24,fast_partition_friendly,0.1907382128777656
0.62,0.16,0.22,fast_partition_friendly,0.2107382128777656
0.62,0.18,0.2,fast_partition_friendly,0.23073821287776558
0.62,0.2,0.18,fast_partition_friendly,0.2507382128777656
0.62,0.22,0.16,fast_partition_friendly,0.27073821287776556
0.62,0.24,0.14,fast_partition_friendly,0.2907382128777656
0.62,0.26,0.12,fast_partition_friendly,0.3107382128777656
0.62,0.28,0.09999999999999998,fast_partition_friendly,0.3307382128777656
0.62,0.3,0.08000000000000002,fast_partition_friendly,0.3507382128777656
0.62,0.32,0.06,fast_partition_friendly,0.3707382128777656
0.62,0.34,0.03999999999999998,robust,0.37653103350376005
0.62,0.36,0.020000000000000018,robust,0.37632697665104003
0.62,0.38,0,robust,0.37612291979832
0.64,0.0,0.36,fast_partition_friendly,0.05237492942220964
0.64,0.02,0.33999999999999997,fast_partition_friendly,0.07237492942220965
0.64,0.04,0.32,fast_partition_friendly,0.09237492942220965
0.64,0.06,0.3,fast_partition_friendly,0.11237492942220964
0.64,0.08,0.27999999999999997,fast_partition_friendly,0.13237492942220963
0.64,0.1,0.26,fast_partition_friendly,0.15237492942220965
0.64,0.12,0.24,fast_partition_friendly,0.17237492942220964
0.64,0.14,0.21999999999999997,fast_partition_friendly,0.19237492942220966
0.64,0.16,0.19999999999999998,fast_partition_friendly,0.21237492942220965
0.64,0.18,0.18,fast_partition_friendly,0.23237492942220964
0.64,0.2,0.15999999999999998,fast_partition_friendly,0.2523749294222096
0.64,0.22,0.13999999999999999,fast_partition_friendly,0.27237492942220964
0.64,0.24,0.12,fast_partition_friendly,0.29237492942220966
0.64,0.26,0.09999999999999998,fast_partition_friendly,0.3123749294222097
0.64,0.28,0.07999999999999996,fast_partition_friendly,0.3323749294222097
0.64,0.3,0.06,fast_partition_friendly,0.3523749294222096
0.64,0.32,0.03999999999999998,robust,0.35673509035648
0.64,0.34,0.019999999999999962,robust,0.35653103350376003
0.64,0.36,0,robust,0.35632697665104
0.66,0.0,0.33999999999999997,fast_partition_friendly,0.05401164596665369
0.66,0.019999999999999997,0.31999999999999995,fast_partition_friendly,0.07401164596665369
0.66,0.039999999999999994,0.3,fast_partition_friendly,0.09401164596665368
0.66,0.05999999999999999,0.27999999999999997,fast_partition_friendly,0.11401164596665368
0.66,0.07999999999999999,0.26,fast_partition_friendly,0.1340116459666537
0.66,0.09999999999999998,0.24,fast_partition_friendly,0.15401164596665368
0.66,0.11999999999999998,0.21999999999999997,fast_partition_friendly,0.17401164596665367
0.66,0.13999999999999999,0.19999999999999998,fast_partition_friendly,0.19401164596665368
0.66,0.15999999999999998,0.18,fast_partition_friendly,0.21401164596665367
0.66,0.17999999999999997,0.16,fast_partition_friendly,0.23401164596665366
0.66,0.19999999999999996,0.14,fast_partition_friendly,0.25401164596665365
0.66,0.21999999999999997,0.12,fast_partition_friendly,0.27401164596665367
0.66,0.23999999999999996,0.1,fast_partition_friendly,0.29401164596665363
0.66,0.25999999999999995,0.08000000000000002,fast_partition_friendly,0.31401164596665365
0.66,0.27999999999999997,0.06,fast_partition_friendly,0.33401164596665367
0.66,0.29999999999999993,0.040000000000000036,robust,0.3369391472092
0.66,0.31999999999999995,0.020000000000000018,robust,0.33673509035647997
0.66,0.33999999999999997,0,robust,0.33653103350376
0.68,0.0,0.31999999999999995,fast_partition_friendly,0.05564836251109775
0.68,0.019999999999999997,0.29999999999999993,fast_partition_friendly,0.07564836251109774
0.68,0.039999999999999994,0.27999999999999997,fast_partition_friendly,0.09564836251109773
0.68,0.05999999999999999,0.25999999999999995,fast_partition_friendly,0.11564836251109774
0.68,0.07999999999999999,0.23999999999999996,fast_partition_friendly,0.13564836251109774
0.68,0.09999999999999998,0.21999999999999997,fast_partition_friendly,0.15564836251109773
0.68,0.11999999999999998,0.19999999999999996,fast_partition_friendly,0.17564836251109772
0.68,0.13999999999999999,0.17999999999999997,fast_partition_friendly,0.19564836251109774
0.68,0.15999999999999998,0.15999999999999998,fast_partition_friendly,0.21564836251109773
0.68,0.17999999999999997,0.13999999999999999,fast_partition_friendly,0.23564836251109772
0.68,0.19999999999999996,0.12,fast_partition_friendly,0.2556483625110977
0.68,0.21999999999999997,0.09999999999999998,fast_partition_friendly,0.2756483625110977
0.68,0.23999999999999996,0.07999999999999999,fast_partition_friendly,0.2956483625110977
0.68,0.25999999999999995,0.06,fast_partition_friendly,0.3156483625110977
0.68,0.27999999999999997,0.03999999999999998,robust,0.31714320406192
0.68,0.29999999999999993,0.020000000000000018,robust,0.31693914720919997
0.68,0.31999999999999995,0,robust,0.31673509035647995
0.7000000000000001,0.0,0.29999999999999993,fast_partition_friendly,0.057285079055541796
0.7000000000000001,0.019999999999999997,0.2799999999999999,fast_partition_friendly,0.0772850790555418
0.7000000000000001,0.039999999999999994,0.25999999999999995,fast_partition_friendly,0.09728507905554179
0.7000000000000001,0.05999999999999999,0.23999999999999994,fast_partition_friendly,0.11728507905554178
0.7000000000000001,0.07999999999999999,0.21999999999999995,fast_partition_friendly,0.13728507905554177
0.7000000000000001,0.09999999999999998,0.19999999999999996,fast_partition_friendly,0.1572850790555418
0.7000000000000001,0.11999999999999998,0.17999999999999994,fast_partition_friendly,0.17728507905554178
0.7000000000000001,0.13999999999999999,0.15999999999999995,fast_partition_friendly,0.19728507905554177
0.7000000000000001,0.15999999999999998,0.13999999999999996,fast_partition_friendly,0.21728507905554179
0.7000000000000001,0.17999999999999997,0.11999999999999997,fast_partition_friendly,0.23728507905554175
0.7000000000000001,0.19999999999999996,0.09999999999999998,fast_partition_friendly,0.25728507905554177
0.7000000000000001,0.21999999999999997,0.07999999999999996,fast_partition_friendly,0.2772850790555418
0.7000000000000001,0.23999999999999996,0.05999999999999997,fast_partition_friendly,0.29728507905554175
0.7000000000000001,0.25999999999999995,0.03999999999999998,robust,0.29734726091464
0.7000000000000001,0.27999999999999997,0.019999999999999962,robust,0.29714320406191996
0.7000000000000001,0.29999999999999993,0,robust,0.29693914720919995
0.72,0.0,0.28,fast_partition_friendly,0.058921795599985845
0.72,0.02,0.26,fast_partition_friendly,0.07892179559998584
0.72,0.04,0.24000000000000002,fast_partition_friendly,0.09892179559998585
0.72,0.06,0.22000000000000003,fast_partition_friendly,0.11892179559998584
0.72,0.08,0.2,fast_partition_friendly,0.13892179559998585
0.72,0.1,0.18000000000000002,fast_partition_friendly,0.15892179559998584
0.72,0.12,0.16000000000000003,fast_partition_friendly,0.17892179559998583
0.72,0.14,0.14,fast_partition_friendly,0.19892179559998585
0.72,0.16,0.12000000000000002,fast_partition_friendly,0.21892179559998584
0.72,0.18,0.10000000000000003,fast_partition_friendly,0.23892179559998583
0.72,0.2,0.08000000000000002,fast_partition_friendly,0.25892179559998585
0.72,0.22,0.060000000000000026,robust,0.27775537462008004
0.72,0.24,0.040000000000000036,robust,0.2775513177673601
0.72,0.26,0.020000000000000018,robust,0.27734726091464007
0.72,0.28,0,robust,0.27714320406192006
0.74,0.0,0.26,fast_partition_friendly,0.060558512144429893
0.74,0.02,0.24000000000000002,fast_partition_friendly,0.0805585121444299
0.74,0.04,0.22,fast_partition_friendly,0.1005585121444299
0.74,0.06,0.2,fast_partition_friendly,0.12055851214442989
0.74,0.08,0.18,fast_partition_friendly,0.14055851214442988
0.74,0.1,0.16,fast_partition_friendly,0.1605585121444299
0.74,0.12,0.14,fast_partition_friendly,0.1805585121444299
0.74,0.14,0.12,fast_partition_friendly,0.2005585121444299
0.74,0.16,0.1,fast_partition_friendly,0.2205585121444299
0.74,0.18,0.08000000000000002,fast_partition_friendly,0.2405585121444299
0.74,0.2,0.06,robust,0.25795943147280004
0.74,0.22,0.04000000000000001,robust,0.25775537462008
0.74,0.24,0.020000000000000018,robust,0.25755131776736007
0.74,0.26,0,robust,0.25734726091464005
0.76,0.0,0.24,fast_partition_friendly,0.06219522868887395
0.76,0.02,0.22,fast_partition_friendly,0.08219522868887395
0.76,0.04,0.19999999999999998,fast_partition_friendly,0.10219522868887396
0.76,0.06,0.18,fast_partition_friendly,0.12219522868887395
0.76,0.08,0.15999999999999998,fast_partition_friendly,0.14219522868887396
0.76,0.1,0.13999999999999999,fast_partition_friendly,0.16219522868887395
0.76,0.12,0.12,fast_partition_friendly,0.18219522868887394
0.76,0.14,0.09999999999999998,fast_partition_friendly,0.20219522868887396
0.76,0.16,0.07999999999999999,fast_partition_friendly,0.22219522868887395
0.76,0.18,0.06,robust,0.23816348832552
0.76,0.2,0.03999999999999998,robust,0.23795943147280002
0.76,0.22,0.01999999999999999,robust,0.23775537462008
0.76,0.24,0,robust,0.23755131776736002
0.78,0.0,0.21999999999999997,fast_partition_friendly,0.063831945233318
0.78,0.019999999999999997,0.19999999999999998,fast_partition_friendly,0.083831945233318
0.78,0.039999999999999994,0.18,fast_partition_friendly,0.103831945233318
0.78,0.05999999999999999,0.15999999999999998,fast_partition_friendly,0.123831945233318
0.78,0.07999999999999999,0.13999999999999999,fast_partition_friendly,0.143831945233318
0.78,0.09999999999999998,0.12,fast_partition_friendly,0.16383194523331798
0.78,0.11999999999999998,0.09999999999999999,fast_partition_friendly,0.18383194523331797
0.78,0.13999999999999999,0.07999999999999999,fast_partition_friendly,0.203831945233318
0.78,0.15999999999999998,0.06,robust,0.21836754517823997
0.78,0.17999999999999997,0.04000000000000001,robust,0.21816348832552
0.78,0.19999999999999996,0.020000000000000018,robust,0.2179594314728
0.78,0.21999999999999997,0,robust,0.21775537462008
0.8,0.0,0.19999999999999996,fast_partition_friendly,0.06546866177776205
0.8,0.019999999999999997,0.17999999999999997,fast_partition_friendly,0.08546866177776205
0.8,0.039999999999999994,0.15999999999999998,fast_partition_friendly,0.10546866177776204
0.8,0.05999999999999999,0.13999999999999996,fast_partition_friendly,0.12546866177776203
0.8,0.07999999999999999,0.11999999999999997,fast_partition_friendly,0.14546866177776202
0.8,0.09999999999999998,0.09999999999999998,fast_partition_friendly,0.16546866177776204
0.8,0.11999999999999998,0.07999999999999997,fast_partition_friendly,0.18546866177776203
0.8,0.13999999999999999,0.05999999999999997,robust,0.19857160203095997
0.8,0.15999999999999998,0.03999999999999998,robust,0.19836754517823996
0.8,0.17999999999999997,0.01999999999999999,robust,0.19816348832551997
0.8,0.19999999999999996,0,robust,0.19795943147279998
0.8200000000000001,0.0,0.17999999999999994,fast_partition_friendly,0.0671053783222061
0.8200000000000001,0.019999999999999993,0.15999999999999995,fast_partition_friendly,0.08710537832220609
0.8200000000000001,0.03999999999999999,0.13999999999999996,fast_partition_friendly,0.1071053783222061
0.8200000000000001,0.059999999999999984,0.11999999999999995,fast_partition_friendly,0.1271053783222061
0.8200000000000001,0.07999999999999997,0.09999999999999996,fast_partition_friendly,0.14710537832220608
0.8200000000000001,0.09999999999999996,0.07999999999999997,fast_partition_friendly,0.16710537832220607
0.8200000000000001,0.11999999999999997,0.05999999999999997,robust,0.17877565888367997
0.8200000000000001,0.13999999999999996,0.03999999999999998,robust,0.17857160203095995
0.8200000000000001,0.15999999999999995,0.01999999999999999,robust,0.17836754517823994
0.8200000000000001,0.17999999999999994,0,robust,0.17816348832551995
0.84,0.0,0.16000000000000003,fast_partition_friendly,0.06874209486665014
0.84,0.020000000000000004,0.14,fast_partition_friendly,0.08874209486665015
0.84,0.04000000000000001,0.12000000000000002,fast_partition_friendly,0.10874209486665015
0.84,0.06000000000000001,0.10000000000000002,fast_partition_friendly,0.12874209486665017
0.84,0.08000000000000002,0.08000000000000002,fast_partition_friendly,0.14874209486665016
0.84,0.10000000000000002,0.06000000000000001,robust,0.15897971573640005
0.84,0.12000000000000002,0.04000000000000001,robust,0.15877565888368006
0.84,0.14,0.020000000000000018,robust,0.15857160203096005
0.84,0.16000000000000003,0,robust,0.15836754517824003
0.86,0.0,0.14,fast_partition_friendly,0.0703788114110942
0.86,0.02,0.12000000000000001,fast_partition_friendly,0.0903788114110942
0.86,0.04,0.1,fast_partition_friendly,0.11037881141109421
0.86,0.06,0.08000000000000002,fast_partition_friendly,0.1303788114110942
0.86,0.08,0.06000000000000001,robust,0.13918377258912001
0.86,0.1,0.04000000000000001,robust,0.13897971573640003
0.86,0.12,0.020000000000000018,robust,0.13877565888368004
0.86,0.14,0,robust,0.13857160203096003
0.88,0.0,0.12,fast_partition_friendly,0.07201552795553826
0.88,0.02,0.09999999999999999,fast_partition_friendly,0.09201552795553826
0.88,0.04,0.07999999999999999,fast_partition_friendly,0.11201552795553826
0.88,0.06,0.06,robust,0.11938782944184001
0.88,0.08,0.039999999999999994,robust,0.11918377258912
0.88,0.1,0.01999999999999999,robust,0.11897971573640001
0.88,0.12,0,robust,0.11877565888368001
0.9,0.0,0.09999999999999998,fast_partition_friendly,0.07365224449998231
0.9,0.019999999999999997,0.07999999999999999,fast_partition_friendly,0.0936522444999823
0.9,0.039999999999999994,0.059999999999999984,robust,0.09959188629455998
0.9,0.05999999999999999,0.03999999999999999,robust,0.09938782944183999
0.9,0.07999999999999999,0.01999999999999999,robust,0.09918377258911998
0.9,0.09999999999999998,0,robust,0.09897971573639999
0.92,0.0,0.07999999999999996,fast_partition_friendly,0.07528896104442637
0.92,0.01999999999999999,0.05999999999999997,robust,0.07979594314727996
0.92,0.03999999999999998,0.03999999999999998,robust,0.07959188629455996
0.92,0.05999999999999997,0.01999999999999999,robust,0.07938782944183997
0.92,0.07999999999999996,0,robust,0.07918377258911997
0.9400000000000001,0.0,0.05999999999999994,robust,0.05999999999999994
0.9400000000000001,0.01999999999999998,0.039999999999999966,robust,0.05979594314727995
0.9400000000000001,0.03999999999999996,0.019999999999999983,robust,0.05959188629455995
0.9400000000000001,0.05999999999999994,0,robust,0.05938782944183995
0.96,0.0,0.040000000000000036,robust,0.040000000000000036
0.96,0.020000000000000018,0.020000000000000018,robust,0.039795943147280036
0.96,0.040000000000000036,0,robust,0.039591886294560036
0.98,0.0,0.020000000000000018,robust,0.020000000000000018
0.98,0.020000000000000018,0,robust,0.019795943147280018
1.0,0.0,0,robust,0.0
