box,node,sortie,delivery_s,expected_s,hard_s,hard_late_s,soft_late_s,hard_slack_s,soft_slack_s,priority
S002-MED-01,S002,T001,3030.039161579972,3600,3600,0,0,569.9608384200278,569.9608384200278,24
S002-WAT-01,S002,T001,3030.039161579972,3600,3600,0,0,569.9608384200278,569.9608384200278,12
S012-MED-01,S012,T002,1364.4714150878835,7200,3600,0,0,2235.5285849121165,5835.5285849121165,22
S012-WAT-01,S012,T002,1364.4714150878835,3600,3600,0,0,2235.5285849121165,2235.5285849121165,12
S010-MED-01,S010,T002,1986.8160526962467,3600,3600,0,0,1613.1839473037533,1613.1839473037533,24
S002-FOD-01,S002,T003,3179.486401198263,7200,,0,0,,4020.513598801737,10
S002-FOD-02,S002,T003,3179.486401198263,7200,,0,0,,4020.513598801737,10
S002-HYG-01,S002,T003,3179.486401198263,10800,,0,0,,7620.513598801737,8
S002-WAT-02,S002,T003,3179.486401198263,3600,,0,0,,420.51359880173686,12
S002-WAT-03,S002,T003,3179.486401198263,3600,,0,0,,420.51359880173686,12
S002-WAT-04,S002,T003,3179.486401198263,3600,,0,0,,420.51359880173686,12
S004-FOD-01,S004,T004,3152.272055833338,10800,,0,0,,7647.7279441666615,8
S004-HYG-01,S004,T004,3152.272055833338,14400,,0,0,,11247.727944166661,6
S004-MED-01,S004,T004,3152.272055833338,7200,7200,0,0,4047.727944166662,4047.727944166662,20
S004-WAT-01,S004,T004,3152.272055833338,7200,7200,0,0,4047.727944166662,4047.727944166662,10
S004-WAT-02,S004,T004,3152.272055833338,7200,,0,0,,4047.727944166662,10
S004-WAT-03,S004,T004,3152.272055833338,7200,,0,0,,4047.727944166662,10
S013-WAT-01,S013,T005,1053.5889241658379,3600,3600,0,0,2546.411075834162,2546.411075834162,12
S012-FOD-01,S012,T005,1562.4863268696429,7200,,0,0,,5637.513673130357,10
S007-WAT-02,S007,T006,1081.357661336819,3600,,0,0,,2518.642338663181,12
S001-FOD-02,S001,T007,1380.2701959394544,7200,,0,0,,5819.729804060546,10
S001-FOD-03,S001,T007,1380.2701959394544,7200,,0,0,,5819.729804060546,10
S001-HYG-01,S001,T007,1380.2701959394544,10800,,0,0,,9419.729804060546,8
S001-HYG-02,S001,T007,1380.2701959394544,10800,,0,0,,9419.729804060546,8
S001-MED-01,S001,T007,1380.2701959394544,3600,3600,0,0,2219.7298040605456,2219.7298040605456,24
S001-MED-02,S001,T007,1380.2701959394544,3600,3600,0,0,2219.7298040605456,2219.7298040605456,24
S001-WAT-03,S001,T007,1380.2701959394544,3600,,0,0,,2219.7298040605456,12
S001-WAT-07,S001,T007,1380.2701959394544,3600,,0,0,,2219.7298040605456,12
S001-WAT-08,S001,T007,1380.2701959394544,3600,,0,0,,2219.7298040605456,12
S013-FOD-01,S013,T008,1083.5889241658379,7200,,0,0,,6116.411075834162,10
S013-MED-01,S013,T008,1083.5889241658379,3600,3600,0,0,2516.411075834162,2516.411075834162,24
S014-FOD-01,S014,T009,1242.4327639761748,7200,,0,0,,5957.567236023825,10
S014-MED-01,S014,T009,1242.4327639761748,7200,3600,0,0,2357.567236023825,5957.567236023825,22
S014-WAT-01,S014,T009,1242.4327639761748,3600,3600,0,0,2357.567236023825,2357.567236023825,12
S007-FOD-01,S007,T010,1125.7821947432835,7200,,0,0,,6074.217805256716,10
S007-MED-01,S007,T010,1125.7821947432835,3600,3600,0,0,2474.2178052567165,2474.2178052567165,24
S007-WAT-01,S007,T010,1125.7821947432835,3600,3600,0,0,2474.2178052567165,2474.2178052567165,12
S001-FOD-01,S001,T011,1182.2701959394544,7200,,0,0,,6017.729804060546,10
S001-WAT-01,S001,T011,1182.2701959394544,3600,3600,0,0,2417.7298040605456,2417.7298040605456,12
S001-WAT-02,S001,T011,1182.2701959394544,3600,,0,0,,2417.7298040605456,12
S001-WAT-04,S001,T011,1182.2701959394544,3600,,0,0,,2417.7298040605456,12
S001-WAT-05,S001,T011,1182.2701959394544,3600,,0,0,,2417.7298040605456,12
S001-WAT-06,S001,T011,1182.2701959394544,3600,,0,0,,2417.7298040605456,12
S006-WAT-01,S006,T012,2518.686179230829,3600,3600,0,0,1081.313820769171,1081.313820769171,12
S006-WAT-03,S006,T012,2518.686179230829,3600,,0,0,,1081.313820769171,12
S010-FOD-01,S010,T013,2717.0775474924735,7200,,0,0,,4482.922452507526,10
S010-WAT-01,S010,T013,2717.0775474924735,3600,3600,0,0,882.9224525075265,882.9224525075265,12
S006-MED-01,S006,T014,2602.941289305463,3600,3600,0,0,997.0587106945368,997.0587106945368,24
S006-WAT-02,S006,T014,2602.941289305463,3600,,0,0,,997.0587106945368,12
S005-FOD-01,S005,T015,4654.584812844948,14400,,0,0,,9745.415187155053,6
S005-WAT-03,S005,T015,4654.584812844948,10800,,0,0,,6145.415187155052,8
S009-FOD-01,S009,T016,6343.8232093440365,14400,,0,0,,8056.1767906559635,6
S009-WAT-01,S009,T016,6343.8232093440365,10800,10800,0,0,4456.1767906559635,4456.1767906559635,8
S011-FOD-01,S011,T017,4923.884528135267,14400,,0,0,,9476.115471864734,6
S011-MED-01,S011,T017,4923.884528135267,10800,10800,0,0,5876.115471864733,5876.115471864733,16
S011-WAT-01,S011,T017,4923.884528135267,10800,10800,0,0,5876.115471864733,5876.115471864733,8
S015-FOD-01,S015,T017,5650.40255852368,14400,,0,0,,8749.597441476319,6
S015-MED-01,S015,T017,5650.40255852368,7200,7200,0,0,1549.5974414763195,1549.5974414763195,18
S015-WAT-01,S015,T017,5650.40255852368,10800,10800,0,0,5149.59744147632,5149.59744147632,8
S006-FOD-01,S006,T017,6453.6409810445675,7200,,0,0,,746.3590189554325,10
S006-HYG-01,S006,T017,6453.6409810445675,10800,,0,0,,4346.3590189554325,8
S005-MED-01,S005,T018,4654.584812844948,10800,10800,0,0,6145.415187155052,6145.415187155052,16
S005-WAT-01,S005,T018,4654.584812844948,10800,10800,0,0,6145.415187155052,6145.415187155052,8
S009-MED-01,S009,T018,5165.0249519831905,10800,10800,0,0,5634.9750480168095,5634.9750480168095,16
S003-FOD-01,S003,T019,5293.251321153447,10800,,0,0,,5506.748678846553,8
S003-WAT-04,S003,T019,5293.251321153447,7200,,0,0,,1906.748678846553,10
S007-HYG-01,S007,T020,5133.580313048008,10800,,0,0,,5666.419686951992,8
S003-FOD-02,S003,T020,5772.849163686736,10800,,0,0,,5027.150836313264,8
S003-HYG-01,S003,T020,5772.849163686736,14400,,0,0,,8627.150836313263,6
S003-MED-01,S003,T020,5772.849163686736,7200,7200,0,0,1427.1508363132643,1427.1508363132643,20
S003-WAT-01,S003,T020,5772.849163686736,7200,7200,0,0,1427.1508363132643,1427.1508363132643,10
S003-WAT-02,S003,T020,5772.849163686736,7200,,0,0,,1427.1508363132643,10
S003-WAT-03,S003,T020,5772.849163686736,7200,,0,0,,1427.1508363132643,10
S005-HYG-01,S005,T021,4632.1669943522265,18000,,0,0,,13367.833005647773,4
S005-WAT-02,S005,T021,4632.1669943522265,10800,,0,0,,6167.8330056477735,8
S008-HYG-01,S008,T022,6278.64557892154,14400,,0,0,,8121.35442107846,6
S008-WAT-01,S008,T023,5028.031944328863,7200,7200,0,0,2171.9680556711373,2171.9680556711373,10
S008-FOD-01,S008,T024,4917.593948791116,10800,,0,0,,5882.406051208884,8
S008-MED-01,S008,T024,4917.593948791116,7200,7200,0,0,2282.4060512088836,2282.4060512088836,20
S008-WAT-02,S008,T024,4917.593948791116,7200,,0,0,,2282.4060512088836,10
