sortie,type,physical_check,energy_kwh,return_soc,reserve_margin_percentage_points
T001,A,PASS,1.2430243502049692,0.723772366621118,52.377236662111805
T002,C,PASS,2.0902732530073256,0.7387158433740844,53.87158433740844
T003,A,PASS,2.5577299186613542,0.43161557363081016,23.161557363081016
T004,B,PASS,1.8231886104366912,0.5442028473908271,34.42028473908271
T005,A,PASS,1.3115825471846803,0.7085372117367377,50.85372117367377
T006,B,PASS,1.8247538307943802,0.5438115423014049,34.381154230140496
T007,B,PASS,2.1403772473853553,0.4649056881536612,26.490568815366117
T008,B,PASS,2.763468095444492,0.309132976138877,10.913297613887702
T009,A,PASS,1.9709490693659246,0.5620113179186834,36.20113179186834
T010,C,PASS,6.105653653738609,0.23679329328267384,3.679329328267383
T011,A,PASS,2.193002149867235,0.5126661889183922,31.266618891839222
T012,A,PASS,2.331317933180175,0.48192934818218325,28.192934818218323
T013,C,PASS,6.152957431097077,0.23088032111286538,3.0880321112865374
T014,C,PASS,2.9175913912014897,0.6353010760998138,43.53010760998138
T015,C,PASS,2.995778595200528,0.6255276755999339,42.55276755999339
T016,B,PASS,1.8345390794002991,0.5413652301499252,34.13652301499252
T017,B,PASS,2.9752454570233984,0.2561886357441504,5.618863574415039
T018,A,PASS,2.7481806705619523,0.38929318431956617,18.929318431956617
T019,A,PASS,3.0836514988184573,0.3147441113736762,11.474411137367618
T020,C,PASS,6.100968460453736,0.23737894244328295,3.7378942443282934
T021,B,PASS,1.0739602222253186,0.7315099444436703,53.150994444367036
T022,A,PASS,1.3570651342478617,0.6984299701671419,49.84299701671419
T023,A,PASS,3.0584402165575764,0.3203466185427608,12.034661854276079
T024,A,PASS,3.593806105221108,0.20137642106197595,0.1376421061975941
T025,A,PASS,2.636412437522518,0.4141305694394404,21.413056943944035
