kind,resource,tasks,occupancy_s,no_overlap,first_start_s,last_occupied_until_s
uav,U03,3,5625.222118950285,PASS,0,5834.295137251369
uav,U07,3,5617.342064544611,PASS,0,5832.472574804408
uav,U04,3,5967.229066447985,PASS,0,5993.581956042138
uav,U05,4,5770.445694822469,PASS,0,5770.445694822469
uav,U01,3,5644.282220361498,PASS,0,5802.502127594458
uav,U06,3,5733.436808953104,PASS,0,5733.436808953104
uav,U02,3,5272.9324582412855,PASS,0,5724.644095040842
uav,U08,3,5903.04347711078,PASS,0,5903.04347711078
battery_including_recharge,BA01,3,7167.073803405299,PASS,0,7167.073803405299
battery_including_recharge,BC04,1,2631.0085319631635,PASS,1692.170391878909,4323.178923842072
battery_including_recharge,BA02,2,5413.03039604914,PASS,0,5517.514946014548
battery_including_recharge,BB03,2,5332.565046711477,PASS,1510.4702802929446,6902.49512445344
battery_including_recharge,BB01,2,5945.6720700155565,PASS,0,6043.655645784331
battery_including_recharge,BB02,2,7229.927483678995,PASS,0,7597.606316979051
battery_including_recharge,BA05,2,5622.550815403565,PASS,1313.485266596983,6936.036082000548
battery_including_recharge,BC03,1,4594.7598831929145,PASS,1494.170391878909,6088.930275071823
battery_including_recharge,BC01,2,8116.505097844599,PASS,0,8402.802781366237
battery_including_recharge,BC02,2,8318.151532843962,PASS,0,8318.151532843962
battery_including_recharge,BB04,1,3917.782005210516,PASS,1869.7521946190163,5787.534199829533
battery_including_recharge,BA03,2,7018.5629554254065,PASS,0,7018.5629554254065
battery_including_recharge,BA04,2,7225.12779246559,PASS,0,7225.12779246559
battery_including_recharge,BA06,1,4176.81135476582,PASS,1313.485266596983,5490.296621362803
