algorithm,iteration,hard_deadline_violations,weighted_tardiness,makespan_s,energy_kwh,sorties
SA,0,0,4637.771091848717,11313.830603838673,112.69015418137356,36
SA,1,0,4637.771091848717,11313.830603838673,112.69015418137356,36
SA,2,0,4637.771091848717,11313.830603838673,112.69015418137356,36
SA,3,0,4637.771091848717,11203.081049043234,109.41510304770263,35
SA,4,0,4637.771091848717,11203.081049043234,109.41510304770263,35
SA,5,0,4637.771091848717,10021.698648547006,106.33053977222707,34
SA,6,0,4637.771091848717,10021.698648547006,106.33053977222707,34
SA,7,0,4637.771091848717,10021.698648547006,106.33053977222707,34
SA,8,0,4637.771091848717,10021.698648547006,106.33053977222707,34
SA,9,0,4637.771091848717,10021.698648547006,106.29150959623992,34
SA,10,0,4637.771091848717,10021.698648547006,106.29150959623992,34
SA,11,0,4637.771091848717,10021.698648547006,106.29150959623992,34
SA,12,0,4637.771091848717,10021.698648547006,106.29150959623992,34
SA,13,0,4637.771091848717,9924.643000953934,104.07930479553514,33
SA,14,0,4637.771091848717,9924.643000953934,104.07930479553514,33
SA,15,0,4637.771091848717,9924.643000953934,104.07930479553514,33
SA,16,0,4637.771091848717,9924.643000953934,104.07930479553514,33
SA,17,0,4637.771091848717,9924.643000953934,104.07930479553514,33
SA,18,0,4637.771091848717,9924.643000953934,104.07930479553514,33
SA,19,0,4637.771091848717,9924.643000953934,104.07930479553514,33
SA,20,0,4637.771091848717,9924.643000953934,104.07930479553514,33
SA,21,0,4637.771091848717,9924.643000953934,104.07930479553514,33
SA,22,0,4637.771091848717,9924.643000953934,104.07930479553514,33
SA,23,0,4637.771091848717,9924.643000953934,104.07930479553514,33
SA,24,0,4637.771091848717,9924.643000953934,104.07930479553514,33
SA,25,0,4637.771091848717,9924.643000953934,104.07930479553514,33
SA,26,0,4637.771091848717,9924.643000953934,104.07930479553514,33
SA,27,0,4637.771091848717,9924.643000953934,104.07930479553514,33
SA,28,0,4637.771091848717,9924.643000953934,104.07930479553514,33
SA,29,0,4637.771091848717,9924.643000953934,104.07930479553514,33
SA,30,0,4637.771091848717,9924.643000953934,104.07930479553514,33
SA,31,0,4637.771091848717,9924.643000953934,104.07930479553514,33
SA,32,0,4637.771091848717,9924.643000953934,104.07930479553514,33
SA,33,0,4637.771091848717,9924.643000953934,104.07930479553514,33
SA,34,0,4637.771091848717,9924.643000953934,104.07930479553514,33
SA,35,0,4637.771091848717,9924.643000953934,104.07930479553514,33
SA,36,0,4637.771091848717,9924.643000953934,104.07930479553514,33
SA,37,0,4637.771091848717,9924.643000953934,104.07930479553514,33
SA,38,0,4637.771091848717,9924.643000953934,104.07930479553514,33
SA,39,0,4637.771091848717,9924.643000953934,104.07930479553514,33
SA,40,0,4637.771091848717,9924.643000953934,104.07930479553514,33
SA,41,0,4637.771091848717,9924.643000953934,104.07930479553514,33
SA,42,0,4637.771091848717,9924.643000953934,104.07930479553514,33
SA,43,0,4637.771091848717,9924.643000953934,104.07930479553514,33
SA,44,0,4637.771091848717,9924.643000953934,104.07930479553514,33
SA,45,0,4637.771091848717,9924.643000953934,104.07930479553514,33
SA,46,0,4637.771091848717,9924.643000953934,104.07930479553514,33
SA,47,0,4637.771091848717,9924.643000953934,104.07930479553514,33
SA,48,0,4637.771091848717,9924.643000953934,104.07930479553514,33
SA,49,0,4637.771091848717,9924.643000953934,104.07930479553514,33
SA,50,0,4637.771091848717,9924.643000953934,104.07930479553514,33
SA,51,0,0.0,11322.546455674516,114.8022835474765,40
SA,52,0,0.0,11322.546455674516,114.8022835474765,40
SA,53,0,0.0,11322.546455674516,114.8022835474765,40
SA,54,0,0.0,11322.546455674516,114.8022835474765,40
SA,55,0,0.0,11322.546455674516,114.8022835474765,40
SA,56,0,0.0,11322.546455674516,114.8022835474765,40
SA,57,0,0.0,11322.546455674516,114.8022835474765,40
SA,58,0,0.0,11226.83909810942,113.118154216917,39
SA,59,0,0.0,11226.83909810942,113.118154216917,39
SA,60,0,0.0,11226.83909810942,113.118154216917,39
SA,61,0,0.0,11226.83909810942,113.118154216917,39
SA,62,0,0.0,11226.83909810942,113.118154216917,39
SA,63,0,0.0,11226.83909810942,113.118154216917,39
SA,64,0,0.0,11226.83909810942,113.118154216917,39
SA,65,0,0.0,11226.83909810942,113.118154216917,39
SA,66,0,0.0,11226.83909810942,113.118154216917,39
SA,67,0,0.0,11226.83909810942,113.118154216917,39
SA,68,0,0.0,11226.83909810942,113.118154216917,39
SA,69,0,0.0,11226.83909810942,113.118154216917,39
SA,70,0,0.0,11226.83909810942,113.118154216917,39
SA,71,0,0.0,11226.83909810942,113.118154216917,39
SA,72,0,0.0,11226.83909810942,113.118154216917,39
SA,73,0,0.0,11226.83909810942,113.118154216917,39
SA,74,0,0.0,11226.83909810942,113.118154216917,39
SA,75,0,0.0,11226.83909810942,113.118154216917,39
SA,76,0,0.0,11226.83909810942,113.118154216917,39
SA,77,0,0.0,11226.83909810942,113.118154216917,39
SA,78,0,0.0,11226.83909810942,113.118154216917,39
SA,79,0,0.0,11226.83909810942,113.118154216917,39
SA,80,0,0.0,11226.83909810942,113.118154216917,39
SA,81,0,0.0,11226.83909810942,113.118154216917,39
SA,82,0,0.0,11226.83909810942,113.118154216917,39
SA,83,0,0.0,11226.83909810942,113.118154216917,39
SA,84,0,0.0,11226.83909810942,113.118154216917,39
SA,85,0,0.0,11226.83909810942,113.118154216917,39
SA,86,0,0.0,11226.83909810942,113.118154216917,39
SA,87,0,0.0,11226.83909810942,113.118154216917,39
SA,88,0,0.0,11226.83909810942,113.118154216917,39
SA,89,0,0.0,11226.83909810942,113.118154216917,39
SA,90,0,0.0,11226.83909810942,113.118154216917,39
SA,91,0,0.0,11226.83909810942,113.118154216917,39
SA,92,0,0.0,11226.83909810942,113.118154216917,39
SA,93,0,0.0,11226.83909810942,113.118154216917,39
SA,94,0,0.0,11160.84689191439,112.89766823095985,37
SA,95,0,0.0,11160.84689191439,112.89766823095985,37
SA,96,0,0.0,11160.84689191439,112.89766823095985,37
SA,97,0,0.0,11160.84689191439,112.89766823095985,37
SA,98,0,0.0,11160.84689191439,112.89766823095985,37
SA,99,0,0.0,11160.84689191439,112.89766823095985,37
SA,100,0,0.0,11160.84689191439,112.89766823095985,37
SA,101,0,0.0,11160.84689191439,112.89766823095985,37
SA,102,0,0.0,11160.84689191439,112.89766823095985,37
SA,103,0,0.0,11160.84689191439,112.89766823095985,37
SA,104,0,0.0,11160.84689191439,112.89766823095985,37
SA,105,0,0.0,11160.84689191439,112.89766823095985,37
SA,106,0,0.0,11160.84689191439,112.89766823095985,37
SA,107,0,0.0,11160.84689191439,112.89766823095985,37
SA,108,0,0.0,11160.84689191439,112.89766823095985,37
SA,109,0,0.0,11160.84689191439,112.89766823095985,37
SA,110,0,0.0,11160.84689191439,112.89766823095985,37
SA,111,0,0.0,11160.84689191439,112.89766823095985,37
SA,112,0,0.0,11160.84689191439,112.89766823095985,37
SA,113,0,0.0,11160.84689191439,112.89766823095985,37
SA,114,0,0.0,11160.84689191439,112.89766823095985,37
SA,115,0,0.0,11160.84689191439,112.89766823095985,37
SA,116,0,0.0,11160.84689191439,112.89766823095985,37
SA,117,0,0.0,11160.84689191439,112.89766823095985,37
SA,118,0,0.0,11160.84689191439,112.89766823095985,37
SA,119,0,0.0,11160.84689191439,112.89766823095985,37
SA,120,0,0.0,11160.84689191439,112.89766823095985,37
SA,121,0,0.0,11160.84689191439,112.89766823095985,37
SA,122,0,0.0,11160.84689191439,112.89766823095985,37
SA,123,0,0.0,11160.84689191439,112.89766823095985,37
SA,124,0,0.0,11160.84689191439,112.89766823095985,37
SA,125,0,0.0,11160.84689191439,112.89766823095985,37
SA,126,0,0.0,11160.84689191439,112.89766823095985,37
SA,127,0,0.0,11160.84689191439,112.89766823095985,37
SA,128,0,0.0,11160.84689191439,112.89766823095985,37
SA,129,0,0.0,11160.84689191439,112.89766823095985,37
SA,130,0,0.0,11160.84689191439,112.89766823095985,37
SA,131,0,0.0,11160.84689191439,112.89766823095985,37
SA,132,0,0.0,11160.84689191439,112.89766823095985,37
SA,133,0,0.0,11160.84689191439,112.89766823095985,37
SA,134,0,0.0,11160.84689191439,112.89766823095985,37
SA,135,0,0.0,11160.84689191439,112.89766823095985,37
SA,136,0,0.0,11160.84689191439,112.89766823095985,37
SA,137,0,0.0,11160.84689191439,112.89766823095985,37
SA,138,0,0.0,11160.84689191439,112.89766823095985,37
SA,139,0,0.0,11160.84689191439,112.89766823095985,37
SA,140,0,0.0,11160.84689191439,112.89766823095985,37
SA,141,0,0.0,11160.84689191439,112.89766823095985,37
SA,142,0,0.0,11160.84689191439,112.89766823095985,37
SA,143,0,0.0,11160.84689191439,112.89766823095985,37
SA,144,0,0.0,11160.84689191439,112.89766823095985,37
SA,145,0,0.0,11160.84689191439,112.89766823095985,37
SA,146,0,0.0,11160.84689191439,112.89766823095985,37
SA,147,0,0.0,11160.84689191439,112.89766823095985,37
SA,148,0,0.0,11160.84689191439,112.89766823095985,37
SA,149,0,0.0,11160.84689191439,112.89766823095985,37
SA,150,0,0.0,11160.84689191439,112.89766823095985,37
SA,151,0,0.0,11160.84689191439,112.89766823095985,37
SA,152,0,0.0,11160.84689191439,112.89766823095985,37
SA,153,0,0.0,11160.84689191439,112.89766823095985,37
SA,154,0,0.0,11160.84689191439,112.89766823095985,37
SA,155,0,0.0,11160.84689191439,112.89766823095985,37
SA,156,0,0.0,11160.84689191439,112.89766823095985,37
SA,157,0,0.0,11160.84689191439,112.89766823095985,37
SA,158,0,0.0,11160.84689191439,112.89766823095985,37
SA,159,0,0.0,11160.84689191439,112.89766823095985,37
SA,160,0,0.0,11160.84689191439,112.89766823095985,37
SA,161,0,0.0,11160.84689191439,112.89766823095985,37
SA,162,0,0.0,11076.067678331681,112.75462708317419,38
SA,163,0,0.0,11076.067678331681,112.75462708317419,38
SA,164,0,0.0,11076.067678331681,112.75462708317419,38
SA,165,0,0.0,11076.067678331681,112.75462708317419,38
SA,166,0,0.0,11076.067678331681,112.75462708317419,38
SA,167,0,0.0,11076.067678331681,112.75462708317419,38
SA,168,0,0.0,11076.067678331681,112.75462708317419,38
SA,169,0,0.0,11076.067678331681,112.75462708317419,38
SA,170,0,0.0,11076.067678331681,112.75462708317419,38
SA,171,0,0.0,11076.067678331681,112.75462708317419,38
SA,172,0,0.0,11076.067678331681,112.75462708317419,38
SA,173,0,0.0,11076.067678331681,112.75462708317419,38
SA,174,0,0.0,11076.067678331681,112.75462708317419,38
SA,175,0,0.0,11076.067678331681,112.75462708317419,38
SA,176,0,0.0,11076.067678331681,112.75462708317419,38
SA,177,0,0.0,11076.067678331681,112.75462708317419,38
SA,178,0,0.0,11076.067678331681,112.75462708317419,38
SA,179,0,0.0,11076.067678331681,112.75462708317419,38
SA,180,0,0.0,11076.067678331681,112.75462708317419,38
SA,181,0,0.0,11076.067678331681,112.75462708317419,38
SA,182,0,0.0,11076.067678331681,112.75462708317419,38
SA,183,0,0.0,11076.067678331681,112.75462708317419,38
SA,184,0,0.0,11076.067678331681,112.75462708317419,38
SA,185,0,0.0,11076.067678331681,112.75462708317419,38
SA,186,0,0.0,11076.067678331681,112.75462708317419,38
SA,187,0,0.0,11076.067678331681,112.75462708317419,38
SA,188,0,0.0,11076.067678331681,112.75462708317419,38
SA,189,0,0.0,11076.067678331681,112.75462708317419,38
SA,190,0,0.0,11076.067678331681,112.75462708317419,38
SA,191,0,0.0,11076.067678331681,112.75462708317419,38
SA,192,0,0.0,11076.067678331681,112.75462708317419,38
SA,193,0,0.0,11076.067678331681,112.75462708317419,38
SA,194,0,0.0,11076.067678331681,112.75462708317419,38
SA,195,0,0.0,11076.067678331681,112.75462708317419,38
SA,196,0,0.0,11076.067678331681,112.75462708317419,38
SA,197,0,0.0,11076.067678331681,112.75462708317419,38
SA,198,0,0.0,11076.067678331681,112.75462708317419,38
SA,199,0,0.0,11076.067678331681,112.75462708317419,38
SA,200,0,0.0,11076.067678331681,112.75462708317419,38
SA,201,0,0.0,11076.067678331681,112.75462708317419,38
SA,202,0,0.0,11076.067678331681,112.75462708317419,38
SA,203,0,0.0,11076.067678331681,112.75462708317419,38
SA,204,0,0.0,11076.067678331681,112.75462708317419,38
SA,205,0,0.0,11076.067678331681,112.75462708317419,38
SA,206,0,0.0,11076.067678331681,112.75462708317419,38
SA,207,0,0.0,11076.067678331681,112.75462708317419,38
SA,208,0,0.0,11076.067678331681,112.75462708317419,38
SA,209,0,0.0,11076.067678331681,112.75462708317419,38
SA,210,0,0.0,11076.067678331681,112.75462708317419,38
SA,211,0,0.0,11076.067678331681,112.75462708317419,38
SA,212,0,0.0,11076.067678331681,112.75462708317419,38
SA,213,0,0.0,11076.067678331681,112.75462708317419,38
SA,214,0,0.0,11076.067678331681,112.75462708317419,38
SA,215,0,0.0,11076.067678331681,112.75462708317419,38
SA,216,0,0.0,11076.067678331681,112.75462708317419,38
SA,217,0,0.0,11076.067678331681,112.75462708317419,38
SA,218,0,0.0,11076.067678331681,112.75462708317419,38
SA,219,0,0.0,11076.067678331681,112.75462708317419,38
SA,220,0,0.0,11076.067678331681,112.75462708317419,38
SA,221,0,0.0,11076.067678331681,112.75462708317419,38
SA,222,0,0.0,11076.067678331681,112.75462708317419,38
SA,223,0,0.0,11076.067678331681,112.75462708317419,38
SA,224,0,0.0,11076.067678331681,112.75462708317419,38
SA,225,0,0.0,11076.067678331681,112.75462708317419,38
SA,226,0,0.0,11076.067678331681,112.75462708317419,38
SA,227,0,0.0,11076.067678331681,112.75462708317419,38
SA,228,0,0.0,11076.067678331681,112.75462708317419,38
SA,229,0,0.0,11076.067678331681,112.75462708317419,38
SA,230,0,0.0,11076.067678331681,112.75462708317419,38
SA,231,0,0.0,11076.067678331681,112.75462708317419,38
SA,232,0,0.0,11076.067678331681,112.75462708317419,38
SA,233,0,0.0,11076.067678331681,112.75462708317419,38
SA,234,0,0.0,11076.067678331681,112.75462708317419,38
SA,235,0,0.0,11076.067678331681,112.75462708317419,38
SA,236,0,0.0,11076.067678331681,112.75462708317419,38
SA,237,0,0.0,11076.067678331681,112.75462708317419,38
SA,238,0,0.0,11076.067678331681,112.75462708317419,38
SA,239,0,0.0,11076.067678331681,112.75462708317419,38
SA,240,0,0.0,11076.067678331681,112.75462708317419,38
SA,241,0,0.0,11076.067678331681,112.75462708317419,38
SA,242,0,0.0,11076.067678331681,112.75462708317419,38
SA,243,0,0.0,11076.067678331681,112.75462708317419,38
SA,244,0,0.0,11076.067678331681,112.75462708317419,38
SA,245,0,0.0,11076.067678331681,112.75462708317419,38
SA,246,0,0.0,11076.067678331681,112.75462708317419,38
SA,247,0,0.0,11076.067678331681,112.75462708317419,38
SA,248,0,0.0,11076.067678331681,112.75462708317419,38
SA,249,0,0.0,11076.067678331681,112.75462708317419,38
SA,250,0,0.0,11076.067678331681,112.75462708317419,38
SA,251,0,0.0,11076.067678331681,112.75462708317419,38
SA,252,0,0.0,11076.067678331681,112.75462708317419,38
SA,253,0,0.0,11076.067678331681,112.75462708317419,38
SA,254,0,0.0,11076.067678331681,112.75462708317419,38
SA,255,0,0.0,11076.067678331681,112.75462708317419,38
SA,256,0,0.0,11076.067678331681,112.75462708317419,38
SA,257,0,0.0,11076.067678331681,112.75462708317419,38
SA,258,0,0.0,11076.067678331681,112.75462708317419,38
SA,259,0,0.0,11076.067678331681,112.75462708317419,38
SA,260,0,0.0,11076.067678331681,112.75462708317419,38
SA,261,0,0.0,11076.067678331681,112.75462708317419,38
SA,262,0,0.0,11076.067678331681,112.75462708317419,38
SA,263,0,0.0,11076.067678331681,112.75462708317419,38
SA,264,0,0.0,11076.067678331681,112.75462708317419,38
SA,265,0,0.0,11076.067678331681,112.75462708317419,38
SA,266,0,0.0,11076.067678331681,112.75462708317419,38
SA,267,0,0.0,11076.067678331681,112.75462708317419,38
SA,268,0,0.0,11076.067678331681,112.75462708317419,38
SA,269,0,0.0,11076.067678331681,112.75462708317419,38
SA,270,0,0.0,11076.067678331681,112.75462708317419,38
SA,271,0,0.0,11076.067678331681,112.75462708317419,38
SA,272,0,0.0,11076.067678331681,112.75462708317419,38
SA,273,0,0.0,11076.067678331681,112.75462708317419,38
SA,274,0,0.0,11076.067678331681,112.75462708317419,38
SA,275,0,0.0,11076.067678331681,112.75462708317419,38
SA,276,0,0.0,11076.067678331681,112.75462708317419,38
SA,277,0,0.0,11076.067678331681,112.75462708317419,38
SA,278,0,0.0,11076.067678331681,112.75462708317419,38
SA,279,0,0.0,11076.067678331681,112.75462708317419,38
SA,280,0,0.0,11076.067678331681,112.75462708317419,38
SA,281,0,0.0,11076.067678331681,112.75462708317419,38
SA,282,0,0.0,11076.067678331681,112.75462708317419,38
SA,283,0,0.0,11076.067678331681,112.75462708317419,38
SA,284,0,0.0,11076.067678331681,112.75462708317419,38
SA,285,0,0.0,11076.067678331681,112.75462708317419,38
SA,286,0,0.0,11076.067678331681,112.75462708317419,38
SA,287,0,0.0,11076.067678331681,112.75462708317419,38
SA,288,0,0.0,11076.067678331681,112.75462708317419,38
SA,289,0,0.0,11076.067678331681,112.75462708317419,38
SA,290,0,0.0,11076.067678331681,112.75462708317419,38
SA,291,0,0.0,11076.067678331681,112.75462708317419,38
SA,292,0,0.0,11076.067678331681,112.75462708317419,38
SA,293,0,0.0,11076.067678331681,112.75462708317419,38
SA,294,0,0.0,11076.067678331681,112.75462708317419,38
SA,295,0,0.0,11076.067678331681,112.75462708317419,38
SA,296,0,0.0,11076.067678331681,112.75462708317419,38
SA,297,0,0.0,11076.067678331681,112.75462708317419,38
SA,298,0,0.0,11076.067678331681,112.75462708317419,38
SA,299,0,0.0,11076.067678331681,112.75462708317419,38
SA,300,0,0.0,11076.067678331681,112.75462708317419,38
SA,301,0,0.0,11076.067678331681,112.75462708317419,38
SA,302,0,0.0,11076.067678331681,112.75462708317419,38
SA,303,0,0.0,11076.067678331681,112.75462708317419,38
SA,304,0,0.0,11076.067678331681,112.75462708317419,38
SA,305,0,0.0,11076.067678331681,112.75462708317419,38
SA,306,0,0.0,11076.067678331681,112.75462708317419,38
SA,307,0,0.0,11076.067678331681,112.75462708317419,38
SA,308,0,0.0,11076.067678331681,112.75462708317419,38
SA,309,0,0.0,11076.067678331681,112.75462708317419,38
SA,310,0,0.0,11076.067678331681,112.75462708317419,38
SA,311,0,0.0,11076.067678331681,112.75462708317419,38
SA,312,0,0.0,11076.067678331681,112.75462708317419,38
SA,313,0,0.0,11076.067678331681,112.75462708317419,38
SA,314,0,0.0,11076.067678331681,112.75462708317419,38
SA,315,0,0.0,11076.067678331681,112.75462708317419,38
SA,316,0,0.0,11076.067678331681,112.75462708317419,38
SA,317,0,0.0,11076.067678331681,112.75462708317419,38
SA,318,0,0.0,11076.067678331681,112.75462708317419,38
SA,319,0,0.0,11076.067678331681,112.75462708317419,38
SA,320,0,0.0,11076.067678331681,112.75462708317419,38
SA,321,0,0.0,11076.067678331681,112.75462708317419,38
SA,322,0,0.0,11076.067678331681,112.75462708317419,38
SA,323,0,0.0,11076.067678331681,112.75462708317419,38
SA,324,0,0.0,11076.067678331681,112.75462708317419,38
SA,325,0,0.0,11076.067678331681,112.75462708317419,38
SA,326,0,0.0,11076.067678331681,112.75462708317419,38
SA,327,0,0.0,11076.067678331681,112.75462708317419,38
SA,328,0,0.0,11076.067678331681,112.75462708317419,38
SA,329,0,0.0,11076.067678331681,112.75462708317419,38
SA,330,0,0.0,11076.067678331681,112.75462708317419,38
SA,331,0,0.0,11076.067678331681,112.75462708317419,38
SA,332,0,0.0,11076.067678331681,112.75462708317419,38
SA,333,0,0.0,11076.067678331681,112.75462708317419,38
SA,334,0,0.0,11076.067678331681,112.75462708317419,38
SA,335,0,0.0,11076.067678331681,112.75462708317419,38
SA,336,0,0.0,11076.067678331681,112.75462708317419,38
SA,337,0,0.0,11076.067678331681,112.75462708317419,38
SA,338,0,0.0,11076.067678331681,112.75462708317419,38
SA,339,0,0.0,11076.067678331681,112.75462708317419,38
SA,340,0,0.0,11076.067678331681,112.75462708317419,38
SA,341,0,0.0,11076.067678331681,112.75462708317419,38
SA,342,0,0.0,11076.067678331681,112.75462708317419,38
SA,343,0,0.0,11076.067678331681,112.75462708317419,38
SA,344,0,0.0,11076.067678331681,112.75462708317419,38
SA,345,0,0.0,11076.067678331681,112.75462708317419,38
SA,346,0,0.0,11076.067678331681,112.75462708317419,38
SA,347,0,0.0,11076.067678331681,112.75462708317419,38
SA,348,0,0.0,11076.067678331681,112.75462708317419,38
SA,349,0,0.0,11076.067678331681,112.75462708317419,38
SA,350,0,0.0,11076.067678331681,112.75462708317419,38
SA,351,0,0.0,11076.067678331681,112.75462708317419,38
SA,352,0,0.0,11076.067678331681,112.75462708317419,38
SA,353,0,0.0,11076.067678331681,112.75462708317419,38
SA,354,0,0.0,11076.067678331681,112.75462708317419,38
SA,355,0,0.0,11076.067678331681,112.75462708317419,38
SA,356,0,0.0,11076.067678331681,112.75462708317419,38
SA,357,0,0.0,11076.067678331681,112.75462708317419,38
SA,358,0,0.0,11076.067678331681,112.75462708317419,38
SA,359,0,0.0,11076.067678331681,112.75462708317419,38
SA,360,0,0.0,11076.067678331681,112.75462708317419,38
SA,361,0,0.0,11076.067678331681,112.75462708317419,38
SA,362,0,0.0,11076.067678331681,112.75462708317419,38
SA,363,0,0.0,11076.067678331681,112.75462708317419,38
SA,364,0,0.0,11076.067678331681,112.75462708317419,38
SA,365,0,0.0,11076.067678331681,112.75462708317419,38
SA,366,0,0.0,11076.067678331681,112.75462708317419,38
SA,367,0,0.0,11076.067678331681,112.75462708317419,38
SA,368,0,0.0,11076.067678331681,112.75462708317419,38
SA,369,0,0.0,11076.067678331681,112.75462708317419,38
SA,370,0,0.0,11076.067678331681,112.75462708317419,38
SA,371,0,0.0,11076.067678331681,112.75462708317419,38
SA,372,0,0.0,11076.067678331681,112.75462708317419,38
SA,373,0,0.0,11076.067678331681,112.75462708317419,38
SA,374,0,0.0,11076.067678331681,112.75462708317419,38
SA,375,0,0.0,11076.067678331681,112.75462708317419,38
SA,376,0,0.0,11076.067678331681,112.75462708317419,38
SA,377,0,0.0,11076.067678331681,112.75462708317419,38
SA,378,0,0.0,11076.067678331681,112.75462708317419,38
SA,379,0,0.0,11076.067678331681,112.75462708317419,38
SA,380,0,0.0,11076.067678331681,112.75462708317419,38
SA,381,0,0.0,11076.067678331681,112.75462708317419,38
SA,382,0,0.0,11076.067678331681,112.75462708317419,38
SA,383,0,0.0,11076.067678331681,112.75462708317419,38
SA,384,0,0.0,11076.067678331681,112.75462708317419,38
SA,385,0,0.0,11076.067678331681,112.75462708317419,38
SA,386,0,0.0,11076.067678331681,112.75462708317419,38
SA,387,0,0.0,11076.067678331681,112.75462708317419,38
SA,388,0,0.0,11076.067678331681,112.75462708317419,38
SA,389,0,0.0,11076.067678331681,112.75462708317419,38
SA,390,0,0.0,11076.067678331681,112.75462708317419,38
SA,391,0,0.0,11076.067678331681,112.75462708317419,38
SA,392,0,0.0,11076.067678331681,112.75462708317419,38
SA,393,0,0.0,11076.067678331681,112.75462708317419,38
SA,394,0,0.0,11076.067678331681,112.75462708317419,38
SA,395,0,0.0,11076.067678331681,112.75462708317419,38
SA,396,0,0.0,11076.067678331681,112.75462708317419,38
SA,397,0,0.0,11076.067678331681,112.75462708317419,38
SA,398,0,0.0,11076.067678331681,112.75462708317419,38
SA,399,0,0.0,11076.067678331681,112.75462708317419,38
SA,400,0,0.0,11076.067678331681,112.75462708317419,38
SA,401,0,0.0,11076.067678331681,112.75462708317419,38
SA,402,0,0.0,11076.067678331681,112.75462708317419,38
SA,403,0,0.0,11076.067678331681,112.75462708317419,38
SA,404,0,0.0,11076.067678331681,112.75462708317419,38
SA,405,0,0.0,11076.067678331681,112.75462708317419,38
SA,406,0,0.0,11076.067678331681,112.75462708317419,38
SA,407,0,0.0,11076.067678331681,112.75462708317419,38
SA,408,0,0.0,11076.067678331681,112.75462708317419,38
SA,409,0,0.0,11076.067678331681,112.75462708317419,38
SA,410,0,0.0,11076.067678331681,112.75462708317419,38
SA,411,0,0.0,11076.067678331681,112.75462708317419,38
SA,412,0,0.0,11076.067678331681,112.75462708317419,38
SA,413,0,0.0,11076.067678331681,112.75462708317419,38
SA,414,0,0.0,11076.067678331681,112.75462708317419,38
SA,415,0,0.0,11076.067678331681,112.75462708317419,38
SA,416,0,0.0,11076.067678331681,112.75462708317419,38
SA,417,0,0.0,11076.067678331681,112.75462708317419,38
SA,418,0,0.0,11076.067678331681,112.75462708317419,38
SA,419,0,0.0,11076.067678331681,112.75462708317419,38
SA,420,0,0.0,11076.067678331681,112.75462708317419,38
SA,421,0,0.0,11076.067678331681,112.75462708317419,38
SA,422,0,0.0,11076.067678331681,112.75462708317419,38
SA,423,0,0.0,11076.067678331681,112.75462708317419,38
SA,424,0,0.0,11076.067678331681,112.75462708317419,38
SA,425,0,0.0,11076.067678331681,112.75462708317419,38
SA,426,0,0.0,11076.067678331681,112.75462708317419,38
SA,427,0,0.0,11076.067678331681,112.75462708317419,38
SA,428,0,0.0,11076.067678331681,112.75462708317419,38
SA,429,0,0.0,11076.067678331681,112.75462708317419,38
SA,430,0,0.0,11076.067678331681,112.75462708317419,38
SA,431,0,0.0,11076.067678331681,112.75462708317419,38
SA,432,0,0.0,11076.067678331681,112.75462708317419,38
SA,433,0,0.0,11076.067678331681,112.75462708317419,38
SA,434,0,0.0,11076.067678331681,112.75462708317419,38
SA,435,0,0.0,11076.067678331681,112.75462708317419,38
SA,436,0,0.0,11076.067678331681,112.75462708317419,38
SA,437,0,0.0,11076.067678331681,112.75462708317419,38
SA,438,0,0.0,11076.067678331681,112.75462708317419,38
SA,439,0,0.0,11076.067678331681,112.75462708317419,38
SA,440,0,0.0,11076.067678331681,112.75462708317419,38
SA,441,0,0.0,11076.067678331681,112.75462708317419,38
SA,442,0,0.0,11076.067678331681,112.75462708317419,38
SA,443,0,0.0,11076.067678331681,112.75462708317419,38
SA,444,0,0.0,11076.067678331681,112.75462708317419,38
SA,445,0,0.0,11076.067678331681,112.75462708317419,38
SA,446,0,0.0,11076.067678331681,112.75462708317419,38
SA,447,0,0.0,11076.067678331681,112.75462708317419,38
SA,448,0,0.0,11076.067678331681,112.75462708317419,38
SA,449,0,0.0,11076.067678331681,112.75462708317419,38
SA,450,0,0.0,11076.067678331681,112.75462708317419,38
SA,451,0,0.0,11076.067678331681,112.75462708317419,38
SA,452,0,0.0,11076.067678331681,112.75462708317419,38
SA,453,0,0.0,11076.067678331681,112.75462708317419,38
SA,454,0,0.0,11076.067678331681,112.75462708317419,38
SA,455,0,0.0,11076.067678331681,112.75462708317419,38
SA,456,0,0.0,11076.067678331681,112.75462708317419,38
SA,457,0,0.0,11076.067678331681,112.75462708317419,38
SA,458,0,0.0,11076.067678331681,112.75462708317419,38
SA,459,0,0.0,11076.067678331681,112.75462708317419,38
SA,460,0,0.0,11076.067678331681,112.75462708317419,38
SA,461,0,0.0,11076.067678331681,112.75462708317419,38
SA,462,0,0.0,11076.067678331681,112.75462708317419,38
SA,463,0,0.0,11076.067678331681,112.75462708317419,38
SA,464,0,0.0,11076.067678331681,112.75462708317419,38
SA,465,0,0.0,11076.067678331681,112.75462708317419,38
SA,466,0,0.0,11076.067678331681,112.75462708317419,38
SA,467,0,0.0,11076.067678331681,112.75462708317419,38
SA,468,0,0.0,11076.067678331681,112.75462708317419,38
SA,469,0,0.0,11076.067678331681,112.75462708317419,38
SA,470,0,0.0,11076.067678331681,112.75462708317419,38
SA,471,0,0.0,11076.067678331681,112.75462708317419,38
SA,472,0,0.0,11076.067678331681,112.75462708317419,38
SA,473,0,0.0,11076.067678331681,112.75462708317419,38
SA,474,0,0.0,11076.067678331681,112.75462708317419,38
SA,475,0,0.0,11076.067678331681,112.75462708317419,38
SA,476,0,0.0,11076.067678331681,112.75462708317419,38
SA,477,0,0.0,11076.067678331681,112.75462708317419,38
SA,478,0,0.0,11076.067678331681,112.75462708317419,38
SA,479,0,0.0,11055.171384483903,114.33118362758667,38
SA,480,0,0.0,11055.171384483903,114.33118362758667,38
SA,481,0,0.0,11055.171384483903,114.33118362758667,38
SA,482,0,0.0,11055.171384483903,114.33118362758667,38
SA,483,0,0.0,11055.171384483903,114.33118362758667,38
SA,484,0,0.0,11055.171384483903,114.33118362758667,38
SA,485,0,0.0,10752.219834196025,111.88425150963408,37
SA,486,0,0.0,10752.219834196025,111.88425150963408,37
SA,487,0,0.0,10752.219834196025,111.88425150963408,37
SA,488,0,0.0,10752.219834196025,111.88425150963408,37
SA,489,0,0.0,10752.219834196025,111.88425150963408,37
SA,490,0,0.0,10752.219834196025,109.89463514458245,36
SA,491,0,0.0,10752.219834196025,109.89463514458245,36
SA,492,0,0.0,10752.219834196025,108.29630672374293,36
SA,493,0,0.0,10752.219834196025,108.29630672374293,36
SA,494,0,0.0,10752.219834196025,108.29630672374293,36
SA,495,0,0.0,10752.219834196025,108.29630672374293,36
SA,496,0,0.0,10752.219834196025,106.89514348210795,35
SA,497,0,0.0,10752.219834196025,106.89514348210795,35
SA,498,0,0.0,10656.486968571358,109.15305190946518,36
SA,499,0,0.0,10656.486968571358,109.15305190946518,36
SA,500,0,0.0,10656.486968571358,109.15305190946518,36
SA,501,0,0.0,10656.486968571358,109.15305190946518,36
SA,502,0,0.0,10656.486968571358,109.15305190946518,36
SA,503,0,0.0,10656.486968571358,109.15305190946518,36
SA,504,0,0.0,10656.486968571358,109.15305190946518,36
SA,505,0,0.0,10656.486968571358,109.15305190946518,36
SA,506,0,0.0,10656.486968571358,107.82043629639026,35
SA,507,0,0.0,10656.486968571358,107.82043629639026,35
SA,508,0,0.0,10656.486968571358,107.82043629639026,35
SA,509,0,0.0,10656.486968571358,107.82043629639026,35
SA,510,0,0.0,10656.486968571358,107.82043629639026,35
SA,511,0,0.0,10656.486968571358,107.82043629639026,35
SA,512,0,0.0,10656.486968571358,107.73614535404997,35
SA,513,0,0.0,10656.486968571358,107.73614535404997,35
SA,514,0,0.0,10656.486968571358,107.73614535404997,35
SA,515,0,0.0,10656.486968571358,107.73614535404997,35
SA,516,0,0.0,10656.486968571358,107.73614535404997,35
SA,517,0,0.0,10656.486968571358,107.73614535404997,35
SA,518,0,0.0,10656.486968571358,107.73614535404997,35
SA,519,0,0.0,10656.486968571358,107.73614535404997,35
SA,520,0,0.0,10656.486968571358,107.73614535404997,35
SA,521,0,0.0,10656.486968571358,107.73614535404997,35
SA,522,0,0.0,10656.486968571358,107.73614535404997,35
SA,523,0,0.0,10656.486968571358,107.73614535404997,35
SA,524,0,0.0,10656.486968571358,107.73614535404997,35
SA,525,0,0.0,10656.486968571358,107.73614535404997,35
SA,526,0,0.0,10656.486968571358,107.73614535404997,35
SA,527,0,0.0,10656.486968571358,107.73614535404997,35
SA,528,0,0.0,10656.486968571358,107.15454671113179,36
SA,529,0,0.0,10656.486968571358,107.15454671113179,36
SA,530,0,0.0,10656.486968571358,106.86908892359284,36
SA,531,0,0.0,10656.486968571358,106.86908892359284,36
SA,532,0,0.0,10656.486968571358,105.78571635084278,35
SA,533,0,0.0,10656.486968571358,105.78571635084278,35
SA,534,0,0.0,10656.486968571358,105.78571635084278,35
SA,535,0,0.0,10656.486968571358,105.78571635084278,35
SA,536,0,0.0,10656.486968571358,105.78571635084278,35
SA,537,0,0.0,10656.486968571358,105.78571635084278,35
SA,538,0,0.0,10656.486968571358,105.78571635084278,35
SA,539,0,0.0,10656.486968571358,105.78571635084278,35
SA,540,0,0.0,10656.486968571358,105.78571635084278,35
SA,541,0,0.0,10656.486968571358,105.78571635084278,35
SA,542,0,0.0,10656.486968571358,105.78571635084278,35
SA,543,0,0.0,10656.486968571358,105.78571635084278,35
SA,544,0,0.0,10656.486968571358,105.78571635084278,35
SA,545,0,0.0,10656.486968571358,105.78571635084278,35
SA,546,0,0.0,10656.486968571358,105.78571635084278,35
SA,547,0,0.0,10656.486968571358,105.78571635084278,35
SA,548,0,0.0,10656.486968571358,105.78571635084278,35
SA,549,0,0.0,10656.486968571358,105.78571635084278,35
SA,550,0,0.0,10656.486968571358,105.78571635084278,35
SA,551,0,0.0,10656.486968571358,105.78571635084278,35
SA,552,0,0.0,10656.486968571358,105.78571635084278,35
SA,553,0,0.0,10656.486968571358,105.78571635084278,35
SA,554,0,0.0,10656.486968571358,105.78571635084278,35
SA,555,0,0.0,10656.486968571358,105.78571635084278,35
SA,556,0,0.0,10656.486968571358,105.78571635084278,35
SA,557,0,0.0,10656.486968571358,105.78571635084278,35
SA,558,0,0.0,10656.486968571358,105.78571635084278,35
SA,559,0,0.0,10656.486968571358,105.78571635084278,35
SA,560,0,0.0,10656.486968571358,105.78571635084278,35
SA,561,0,0.0,10656.486968571358,105.78571635084278,35
SA,562,0,0.0,10656.486968571358,105.78571635084278,35
SA,563,0,0.0,10656.486968571358,105.78571635084278,35
SA,564,0,0.0,10656.486968571358,105.78571635084278,35
SA,565,0,0.0,10656.486968571358,105.78571635084278,35
SA,566,0,0.0,10656.486968571358,105.78571635084278,35
SA,567,0,0.0,10656.486968571358,105.78571635084278,35
SA,568,0,0.0,10656.486968571358,105.78571635084278,35
SA,569,0,0.0,10656.486968571358,105.78571635084278,35
SA,570,0,0.0,10656.486968571358,105.78571635084278,35
SA,571,0,0.0,10656.486968571358,105.78571635084278,35
SA,572,0,0.0,10656.486968571358,105.78571635084278,35
SA,573,0,0.0,10656.486968571358,105.78571635084278,35
SA,574,0,0.0,10656.486968571358,105.78571635084278,35
SA,575,0,0.0,10656.486968571358,105.78571635084278,35
SA,576,0,0.0,10656.486968571358,105.78571635084278,35
SA,577,0,0.0,10656.486968571358,105.78571635084278,35
SA,578,0,0.0,10656.486968571358,105.78571635084278,35
SA,579,0,0.0,10656.486968571358,105.78571635084278,35
SA,580,0,0.0,10656.486968571358,105.78571635084278,35
SA,581,0,0.0,10656.486968571358,105.78571635084278,35
SA,582,0,0.0,10656.486968571358,105.78571635084278,35
SA,583,0,0.0,10656.486968571358,105.78571635084278,35
SA,584,0,0.0,10656.486968571358,105.39668447326368,36
SA,585,0,0.0,10656.486968571358,104.9500043813879,35
SA,586,0,0.0,10656.486968571358,104.9500043813879,35
SA,587,0,0.0,10656.486968571358,104.9500043813879,35
SA,588,0,0.0,10656.486968571358,104.9500043813879,35
SA,589,0,0.0,9852.581321969312,102.99478614047035,35
SA,590,0,0.0,9852.581321969312,102.99478614047035,35
SA,591,0,0.0,9852.581321969312,102.99478614047035,35
SA,592,0,0.0,9852.581321969312,102.99478614047035,35
SA,593,0,0.0,9852.581321969312,102.99478614047035,35
SA,594,0,0.0,9852.581321969312,102.99478614047035,35
SA,595,0,0.0,9852.581321969312,102.99478614047035,35
SA,596,0,0.0,9852.581321969312,102.99478614047035,35
SA,597,0,0.0,9852.581321969312,102.99478614047035,35
SA,598,0,0.0,9852.581321969312,102.99478614047035,35
SA,599,0,0.0,9852.581321969312,102.99478614047035,35
SA,600,0,0.0,9852.581321969312,102.99478614047035,35
TS,0,0,4637.771091848717,11313.830603838673,112.69015418137356,36
TS,1,0,4637.771091848717,11264.57216345647,113.21165862403252,37
TS,2,0,4637.771091848717,10847.31248146554,112.89434673351856,37
TS,3,0,4637.771091848717,10748.785857185367,111.30241136985198,36
TS,4,0,4637.771091848717,10182.158530847424,108.73071337227509,35
TS,5,0,4637.771091848717,10021.698648547006,107.43026659215076,34
TS,6,0,4637.771091848717,9818.171688147346,104.27277562380014,33
TS,7,0,0.0,10177.581233957128,104.60958706954892,33
TS,8,0,0.0,10153.698648547006,104.71902061022858,33
TS,9,0,0.0,10153.698648547006,104.71902061022858,33
TS,10,0,0.0,10153.698648547006,104.07318442965813,33
TS,11,0,0.0,10084.998197143666,103.28817648121586,33
TS,12,0,0.0,10084.998197143666,100.41544685525933,32
TS,13,0,0.0,10084.998197143666,100.41544685525933,32
TS,14,0,0.0,10084.998197143666,100.41544685525933,32
TS,15,0,0.0,9890.07276501997,101.01385184115213,32
TS,16,0,0.0,9890.07276501997,101.01385184115213,32
TS,17,0,0.0,9890.07276501997,101.01385184115213,32
TS,18,0,0.0,9890.07276501997,101.01385184115213,32
TS,19,0,0.0,9890.07276501997,101.01385184115213,32
TS,20,0,0.0,9806.067150800849,104.20236037505936,35
TS,21,0,0.0,9806.067150800849,104.20236037505936,35
TS,22,0,0.0,9724.088085703868,103.94430389932596,35
TS,23,0,0.0,9611.11516713174,102.00476534929166,34
TS,24,0,0.0,9611.11516713174,102.00476534929166,34
TS,25,0,0.0,9611.11516713174,102.00476534929166,34
TS,26,0,0.0,9571.563331266956,102.53385997645235,34
TS,27,0,0.0,9571.563331266956,102.53385997645235,34
TS,28,0,0.0,9571.563331266956,101.08564207362245,33
TS,29,0,0.0,9316.064005467046,97.6978701443553,32
TS,30,0,0.0,9316.064005467046,97.6978701443553,32
TS,31,0,0.0,9316.064005467046,97.6978701443553,32
TS,32,0,0.0,9219.354312140205,99.10811456052434,32
TS,33,0,0.0,9219.354312140205,97.21369068215567,31
TS,34,0,0.0,9219.354312140205,95.40497212802855,30
TS,35,0,0.0,9219.354312140205,95.40497212802855,30
TS,36,0,0.0,9219.354312140205,94.77727018027325,30
TS,37,0,0.0,9219.354312140205,94.77727018027325,30
TS,38,0,0.0,9219.354312140205,94.77727018027325,30
TS,39,0,0.0,9219.354312140205,93.74984723303986,30
TS,40,0,0.0,9219.354312140205,92.41373847681471,30
TS,41,0,0.0,9219.354312140205,91.76390387499117,30
TS,42,0,0.0,9219.354312140205,90.12899281460071,29
TS,43,0,0.0,9219.354312140205,90.12899281460071,29
TS,44,0,0.0,9219.354312140205,89.42315245530773,28
TS,45,0,0.0,9219.354312140205,89.42315245530773,28
TS,46,0,0.0,9191.545812137258,92.36250071211572,29
TS,47,0,0.0,9191.545812137258,89.4513912170055,28
TS,48,0,0.0,9191.545812137258,88.74863146389424,27
TS,49,0,0.0,9191.545812137258,87.9790002807234,27
TS,50,0,0.0,9153.354312140205,89.83985421687166,28
TS,51,0,0.0,9153.354312140205,88.16174116800563,28
TS,52,0,0.0,9153.354312140205,88.16174116800563,28
TS,53,0,0.0,9153.354312140205,87.08457253475038,27
TS,54,0,0.0,9024.428880016509,88.1751134551218,28
TS,55,0,0.0,8958.428880016509,89.2859966431708,28
TS,56,0,0.0,8958.428880016509,89.12662861502608,28
TS,57,0,0.0,8958.428880016509,88.61284663333467,28
TS,58,0,0.0,8928.31803251298,85.87521105594121,27
TS,59,0,0.0,8928.31803251298,85.87521105594121,27
TS,60,0,0.0,8928.31803251298,85.87521105594121,27
TS,61,0,0.0,8862.31803251298,88.44919738175317,28
TS,62,0,0.0,8862.31803251298,88.42909381724185,28
TS,63,0,0.0,8862.31803251298,88.42909381724185,28
TS,64,0,0.0,8862.31803251298,88.42909381724185,28
TS,65,0,0.0,8862.31803251298,88.42909381724185,28
TS,66,0,0.0,8862.31803251298,88.42909381724185,28
TS,67,0,0.0,8658.630849208552,88.80703609383754,28
TS,68,0,0.0,8658.630849208552,88.80703609383754,28
TS,69,0,0.0,8658.630849208552,87.7214727227136,28
TS,70,0,0.0,8658.630849208552,87.7214727227136,28
TS,71,0,0.0,8658.630849208552,87.7214727227136,28
TS,72,0,0.0,8658.630849208552,87.7214727227136,28
TS,73,0,0.0,8658.630849208552,87.7214727227136,28
TS,74,0,0.0,8658.630849208552,87.7214727227136,28
TS,75,0,0.0,8658.630849208552,87.7214727227136,28
TS,76,0,0.0,8658.630849208552,87.7214727227136,28
TS,77,0,0.0,8658.630849208552,87.7214727227136,28
TS,78,0,0.0,8658.630849208552,87.7214727227136,28
TS,79,0,0.0,8658.630849208552,87.7214727227136,28
TS,80,0,0.0,8658.630849208552,87.7214727227136,28
TS,81,0,0.0,8658.630849208552,87.7214727227136,28
TS,82,0,0.0,8539.012056783224,86.54435659734143,28
TS,83,0,0.0,8539.012056783224,86.54435659734143,28
TS,84,0,0.0,8539.012056783224,86.54435659734143,28
TS,85,0,0.0,8539.012056783224,86.54435659734143,28
TS,86,0,0.0,8539.012056783224,86.54435659734143,28
TS,87,0,0.0,8539.012056783224,86.54435659734143,28
TS,88,0,0.0,8539.012056783224,86.54435659734143,28
TS,89,0,0.0,8539.012056783224,86.54435659734143,28
TS,90,0,0.0,8539.012056783224,86.54435659734143,28
TS,91,0,0.0,8425.404087268082,85.7776277745511,27
TS,92,0,0.0,8425.404087268082,85.7776277745511,27
TS,93,0,0.0,8425.404087268082,85.7776277745511,27
TS,94,0,0.0,8425.404087268082,85.7776277745511,27
TS,95,0,0.0,8425.404087268082,85.7776277745511,27
TS,96,0,0.0,8425.404087268082,85.7776277745511,27
TS,97,0,0.0,8425.404087268082,85.7776277745511,27
TS,98,0,0.0,8425.404087268082,85.7776277745511,27
TS,99,0,0.0,8425.404087268082,85.7776277745511,27
TS,100,0,0.0,8425.404087268082,85.7776277745511,27
TS,101,0,0.0,8187.835001630061,86.13543855314693,27
TS,102,0,0.0,8187.835001630061,86.13543855314693,27
TS,103,0,0.0,8187.835001630061,86.13543855314693,27
TS,104,0,0.0,8187.835001630061,86.13543855314693,27
TS,105,0,0.0,8187.835001630061,86.13543855314693,27
TS,106,0,0.0,8187.835001630061,86.13543855314693,27
TS,107,0,0.0,8187.835001630061,86.13543855314693,27
TS,108,0,0.0,8187.835001630061,86.13543855314693,27
TS,109,0,0.0,8187.835001630061,86.13543855314693,27
TS,110,0,0.0,8187.835001630061,86.13543855314693,27
TS,111,0,0.0,8187.835001630061,86.13543855314693,27
TS,112,0,0.0,8187.835001630061,86.13543855314693,27
TS,113,0,0.0,8187.835001630061,86.13543855314693,27
TS,114,0,0.0,8187.835001630061,86.13543855314693,27
TS,115,0,0.0,8187.835001630061,86.13543855314693,27
TS,116,0,0.0,8187.835001630061,86.13543855314693,27
TS,117,0,0.0,8187.835001630061,86.13543855314693,27
TS,118,0,0.0,8187.835001630061,86.13543855314693,27
TS,119,0,0.0,8187.835001630061,86.13543855314693,27
TS,120,0,0.0,8187.835001630061,86.13543855314693,27
TS,121,0,0.0,8187.835001630061,86.13543855314693,27
TS,122,0,0.0,8187.835001630061,86.13543855314693,27
TS,123,0,0.0,8187.835001630061,86.13543855314693,27
TS,124,0,0.0,8187.835001630061,86.13543855314693,27
TS,125,0,0.0,8187.835001630061,86.13543855314693,27
TS,126,0,0.0,8187.835001630061,86.13543855314693,27
TS,127,0,0.0,8187.835001630061,86.13543855314693,27
TS,128,0,0.0,8187.835001630061,86.13543855314693,27
TS,129,0,0.0,8187.835001630061,86.13543855314693,27
TS,130,0,0.0,8187.835001630061,86.13543855314693,27
TS,131,0,0.0,8187.835001630061,86.13543855314693,27
TS,132,0,0.0,8187.835001630061,86.13543855314693,27
TS,133,0,0.0,8187.835001630061,86.13543855314693,27
TS,134,0,0.0,8187.835001630061,86.13543855314693,27
TS,135,0,0.0,8187.835001630061,86.13543855314693,27
TS,136,0,0.0,8187.835001630061,86.13543855314693,27
TS,137,0,0.0,8187.835001630061,86.13543855314693,27
TS,138,0,0.0,8187.835001630061,86.13543855314693,27
TS,139,0,0.0,8187.835001630061,86.13543855314693,27
TS,140,0,0.0,8187.835001630061,86.13543855314693,27
TS,141,0,0.0,8187.835001630061,86.13543855314693,27
TS,142,0,0.0,8187.835001630061,86.13543855314693,27
TS,143,0,0.0,8187.835001630061,86.13543855314693,27
TS,144,0,0.0,8187.835001630061,86.13543855314693,27
TS,145,0,0.0,8187.835001630061,86.13543855314693,27
TS,146,0,0.0,8187.835001630061,86.13543855314693,27
TS,147,0,0.0,8187.835001630061,86.13543855314693,27
TS,148,0,0.0,8187.835001630061,86.13543855314693,27
TS,149,0,0.0,8187.835001630061,86.13543855314693,27
TS,150,0,0.0,8187.835001630061,86.13543855314693,27
TS,151,0,0.0,8187.835001630061,86.13543855314693,27
TS,152,0,0.0,8187.835001630061,86.13543855314693,27
TS,153,0,0.0,8187.835001630061,86.13543855314693,27
TS,154,0,0.0,8187.835001630061,86.13543855314693,27
TS,155,0,0.0,8187.835001630061,86.13543855314693,27
TS,156,0,0.0,8187.835001630061,86.13543855314693,27
TS,157,0,0.0,8187.835001630061,86.13543855314693,27
TS,158,0,0.0,8187.835001630061,86.13543855314693,27
TS,159,0,0.0,8187.835001630061,86.13543855314693,27
TS,160,0,0.0,8187.835001630061,86.13543855314693,27
TS,161,0,0.0,8187.835001630061,86.13543855314693,27
TS,162,0,0.0,8187.835001630061,86.13543855314693,27
TS,163,0,0.0,8187.835001630061,86.13543855314693,27
TS,164,0,0.0,8186.945910991639,87.69532035703581,25
TS,165,0,0.0,8139.191454753209,87.17394318376128,25
TS,166,0,0.0,8014.799661719471,85.58574554150127,25
TS,167,0,0.0,8014.799661719471,85.47355261264784,25
TS,168,0,0.0,8014.799661719471,85.47355261264784,25
TS,169,0,0.0,7972.448359467962,85.2493234549027,25
TS,170,0,0.0,7972.448359467962,85.08159540898183,24
TS,171,0,0.0,7972.448359467962,85.08159540898183,24
TS,172,0,0.0,7972.448359467962,85.08159540898183,24
TS,173,0,0.0,7972.448359467962,85.08159540898183,24
TS,174,0,0.0,7972.448359467962,85.08159540898183,24
TS,175,0,0.0,7972.448359467962,85.08159540898183,24
TS,176,0,0.0,7972.448359467962,85.08159540898183,24
TS,177,0,0.0,7972.448359467962,85.08159540898183,24
TS,178,0,0.0,7972.448359467962,85.08159540898183,24
TS,179,0,0.0,7972.448359467962,85.08159540898183,24
TS,180,0,0.0,7972.448359467962,85.08159540898183,24
TS,181,0,0.0,7972.448359467962,85.08159540898183,24
TS,182,0,0.0,7968.269662519651,86.76810758844363,26
TS,183,0,0.0,7968.269662519651,86.76810758844363,26
TS,184,0,0.0,7904.6616050147495,87.06244668704655,26
TS,185,0,0.0,7904.6616050147495,87.06244668704655,26
TS,186,0,0.0,7879.934509115663,87.43295971157447,26
TS,187,0,0.0,7879.934509115663,87.14766253658226,26
TS,188,0,0.0,7879.934509115663,87.14766253658226,26
TS,189,0,0.0,7879.934509115663,87.14766253658226,26
TS,190,0,0.0,7879.934509115663,87.14766253658226,26
TS,191,0,0.0,7879.934509115663,87.14766253658226,26
TS,192,0,0.0,7879.934509115663,87.14766253658226,26
TS,193,0,0.0,7879.934509115663,87.14766253658226,26
TS,194,0,0.0,7879.934509115663,87.14766253658226,26
TS,195,0,0.0,7879.934509115663,87.14766253658226,26
TS,196,0,0.0,7879.934509115663,87.14766253658226,26
TS,197,0,0.0,7879.934509115663,87.14766253658226,26
TS,198,0,0.0,7879.934509115663,87.14766253658226,26
TS,199,0,0.0,7879.934509115663,87.14766253658226,26
TS,200,0,0.0,7879.934509115663,87.14766253658226,26
TS,201,0,0.0,7879.934509115663,87.14766253658226,26
TS,202,0,0.0,7879.934509115663,87.14766253658226,26
TS,203,0,0.0,7879.934509115663,87.14766253658226,26
TS,204,0,0.0,7879.934509115663,87.14766253658226,26
TS,205,0,0.0,7879.934509115663,87.14766253658226,26
TS,206,0,0.0,7879.934509115663,87.14766253658226,26
TS,207,0,0.0,7879.934509115663,87.14766253658226,26
TS,208,0,0.0,7879.934509115663,87.14766253658226,26
TS,209,0,0.0,7879.934509115663,87.14766253658226,26
TS,210,0,0.0,7879.934509115663,87.14766253658226,26
TS,211,0,0.0,7879.934509115663,87.14766253658226,26
TS,212,0,0.0,7879.934509115663,87.14766253658226,26
TS,213,0,0.0,7879.934509115663,87.14766253658226,26
TS,214,0,0.0,7879.934509115663,87.14766253658226,26
TS,215,0,0.0,7879.934509115663,87.14766253658226,26
TS,216,0,0.0,7879.934509115663,87.14766253658226,26
TS,217,0,0.0,7879.934509115663,87.14766253658226,26
TS,218,0,0.0,7879.934509115663,87.14766253658226,26
TS,219,0,0.0,7879.934509115663,87.14766253658226,26
TS,220,0,0.0,7879.934509115663,87.14766253658226,26
TS,221,0,0.0,7879.934509115663,87.14766253658226,26
TS,222,0,0.0,7879.934509115663,87.14766253658226,26
TS,223,0,0.0,7879.934509115663,87.14766253658226,26
TS,224,0,0.0,7879.934509115663,87.14766253658226,26
TS,225,0,0.0,7879.934509115663,87.14766253658226,26
TS,226,0,0.0,7879.934509115663,87.14766253658226,26
TS,227,0,0.0,7879.934509115663,87.14766253658226,26
TS,228,0,0.0,7879.934509115663,87.14766253658226,26
TS,229,0,0.0,7879.934509115663,87.14766253658226,26
TS,230,0,0.0,7879.934509115663,87.14766253658226,26
TS,231,0,0.0,7879.934509115663,87.14766253658226,26
TS,232,0,0.0,7879.934509115663,87.14766253658226,26
TS,233,0,0.0,7879.934509115663,87.14766253658226,26
TS,234,0,0.0,7879.934509115663,87.14766253658226,26
TS,235,0,0.0,7879.934509115663,87.14766253658226,26
TS,236,0,0.0,7879.934509115663,87.14766253658226,26
TS,237,0,0.0,7879.934509115663,87.14766253658226,26
TS,238,0,0.0,7879.934509115663,87.14766253658226,26
TS,239,0,0.0,7879.934509115663,87.14766253658226,26
TS,240,0,0.0,7879.934509115663,87.14766253658226,26
TS,241,0,0.0,7879.934509115663,87.14766253658226,26
TS,242,0,0.0,7879.934509115663,87.14766253658226,26
TS,243,0,0.0,7879.934509115663,87.14766253658226,26
TS,244,0,0.0,7879.934509115663,87.14766253658226,26
TS,245,0,0.0,7879.934509115663,87.14766253658226,26
TS,246,0,0.0,7879.934509115663,87.14766253658226,26
TS,247,0,0.0,7879.934509115663,87.14766253658226,26
TS,248,0,0.0,7879.934509115663,87.14766253658226,26
TS,249,0,0.0,7879.934509115663,87.14766253658226,26
TS,250,0,0.0,7879.934509115663,87.14766253658226,26
TS,251,0,0.0,7879.934509115663,87.14766253658226,26
TS,252,0,0.0,7879.934509115663,87.14766253658226,26
TS,253,0,0.0,7879.934509115663,87.14766253658226,26
TS,254,0,0.0,7879.934509115663,87.14766253658226,26
TS,255,0,0.0,7879.934509115663,87.14766253658226,26
TS,256,0,0.0,7879.934509115663,87.14766253658226,26
TS,257,0,0.0,7879.934509115663,87.14766253658226,26
TS,258,0,0.0,7879.934509115663,87.14766253658226,26
TS,259,0,0.0,7879.934509115663,87.14766253658226,26
TS,260,0,0.0,7879.934509115663,87.14766253658226,26
TS,261,0,0.0,7879.934509115663,87.14766253658226,26
TS,262,0,0.0,7879.934509115663,87.14766253658226,26
TS,263,0,0.0,7879.934509115663,87.14766253658226,26
TS,264,0,0.0,7879.934509115663,87.14766253658226,26
TS,265,0,0.0,7879.934509115663,87.14766253658226,26
TS,266,0,0.0,7879.934509115663,87.14766253658226,26
TS,267,0,0.0,7879.934509115663,87.14766253658226,26
TS,268,0,0.0,7879.934509115663,87.14766253658226,26
TS,269,0,0.0,7879.934509115663,87.14766253658226,26
TS,270,0,0.0,7879.934509115663,87.14766253658226,26
TS,271,0,0.0,7879.934509115663,87.14766253658226,26
TS,272,0,0.0,7879.934509115663,87.14766253658226,26
TS,273,0,0.0,7879.934509115663,87.14766253658226,26
TS,274,0,0.0,7879.934509115663,87.14766253658226,26
TS,275,0,0.0,7879.934509115663,87.14766253658226,26
TS,276,0,0.0,7879.934509115663,87.14766253658226,26
TS,277,0,0.0,7879.934509115663,87.14766253658226,26
TS,278,0,0.0,7879.934509115663,87.14766253658226,26
TS,279,0,0.0,7879.934509115663,87.14766253658226,26
TS,280,0,0.0,7879.934509115663,87.14766253658226,26
TS,281,0,0.0,7879.934509115663,87.14766253658226,26
TS,282,0,0.0,7879.934509115663,87.14766253658226,26
TS,283,0,0.0,7879.934509115663,87.14766253658226,26
TS,284,0,0.0,7879.934509115663,87.14766253658226,26
TS,285,0,0.0,7879.934509115663,87.14766253658226,26
TS,286,0,0.0,7879.934509115663,87.14766253658226,26
TS,287,0,0.0,7879.934509115663,87.14766253658226,26
TS,288,0,0.0,7879.934509115663,87.14766253658226,26
TS,289,0,0.0,7879.934509115663,87.14766253658226,26
TS,290,0,0.0,7879.934509115663,87.14766253658226,26
TS,291,0,0.0,7879.934509115663,87.14766253658226,26
TS,292,0,0.0,7879.934509115663,87.14766253658226,26
TS,293,0,0.0,7879.934509115663,87.14766253658226,26
TS,294,0,0.0,7879.934509115663,87.14766253658226,26
TS,295,0,0.0,7879.934509115663,87.14766253658226,26
TS,296,0,0.0,7879.934509115663,87.14766253658226,26
TS,297,0,0.0,7879.934509115663,87.14766253658226,26
TS,298,0,0.0,7879.934509115663,87.14766253658226,26
TS,299,0,0.0,7879.934509115663,87.14766253658226,26
TS,300,0,0.0,7879.934509115663,87.14766253658226,26
TS,301,0,0.0,7879.934509115663,87.14766253658226,26
TS,302,0,0.0,7879.934509115663,87.14766253658226,26
TS,303,0,0.0,7879.934509115663,87.14766253658226,26
TS,304,0,0.0,7879.934509115663,87.14766253658226,26
TS,305,0,0.0,7879.934509115663,87.14766253658226,26
TS,306,0,0.0,7879.934509115663,87.14766253658226,26
TS,307,0,0.0,7879.934509115663,87.14766253658226,26
TS,308,0,0.0,7879.934509115663,87.14766253658226,26
TS,309,0,0.0,7879.934509115663,87.14766253658226,26
TS,310,0,0.0,7879.934509115663,87.14766253658226,26
TS,311,0,0.0,7879.934509115663,87.14766253658226,26
TS,312,0,0.0,7879.934509115663,87.14766253658226,26
TS,313,0,0.0,7879.934509115663,87.14766253658226,26
TS,314,0,0.0,7879.934509115663,87.14766253658226,26
TS,315,0,0.0,7879.934509115663,87.14766253658226,26
TS,316,0,0.0,7879.934509115663,87.14766253658226,26
TS,317,0,0.0,7879.934509115663,87.14766253658226,26
TS,318,0,0.0,7879.934509115663,87.14766253658226,26
TS,319,0,0.0,7879.934509115663,87.14766253658226,26
TS,320,0,0.0,7879.934509115663,87.14766253658226,26
TS,321,0,0.0,7879.934509115663,87.14766253658226,26
TS,322,0,0.0,7879.934509115663,87.14766253658226,26
TS,323,0,0.0,7879.934509115663,87.14766253658226,26
TS,324,0,0.0,7879.934509115663,87.14766253658226,26
TS,325,0,0.0,7879.934509115663,87.14766253658226,26
TS,326,0,0.0,7879.934509115663,87.14766253658226,26
TS,327,0,0.0,7879.934509115663,87.14766253658226,26
TS,328,0,0.0,7879.934509115663,87.14766253658226,26
TS,329,0,0.0,7879.934509115663,87.14766253658226,26
TS,330,0,0.0,7879.934509115663,87.14766253658226,26
TS,331,0,0.0,7879.934509115663,87.14766253658226,26
TS,332,0,0.0,7879.934509115663,87.14766253658226,26
TS,333,0,0.0,7879.934509115663,87.14766253658226,26
TS,334,0,0.0,7879.934509115663,87.14766253658226,26
TS,335,0,0.0,7879.934509115663,87.14766253658226,26
TS,336,0,0.0,7879.934509115663,87.14766253658226,26
TS,337,0,0.0,7879.934509115663,87.14766253658226,26
TS,338,0,0.0,7879.934509115663,87.14766253658226,26
TS,339,0,0.0,7879.934509115663,87.14766253658226,26
TS,340,0,0.0,7879.934509115663,87.14766253658226,26
TS,341,0,0.0,7879.934509115663,87.14766253658226,26
TS,342,0,0.0,7879.934509115663,87.14766253658226,26
TS,343,0,0.0,7879.934509115663,87.14766253658226,26
TS,344,0,0.0,7879.934509115663,87.14766253658226,26
TS,345,0,0.0,7879.934509115663,87.14766253658226,26
TS,346,0,0.0,7879.934509115663,87.14766253658226,26
TS,347,0,0.0,7879.934509115663,87.14766253658226,26
TS,348,0,0.0,7879.934509115663,87.14766253658226,26
TS,349,0,0.0,7879.934509115663,87.14766253658226,26
TS,350,0,0.0,7879.934509115663,87.14766253658226,26
GA,0,0,4637.771091848717,11313.830603838673,112.69015418137356,36
GA,1,0,4637.771091848717,11313.830603838673,112.69015418137356,36
GA,2,0,4637.771091848717,11313.830603838673,112.69015418137356,36
GA,3,0,4637.771091848717,11313.830603838673,112.69015418137356,36
GA,4,0,4637.771091848717,11313.830603838673,112.69015418137356,36
GA,5,0,4637.771091848717,10748.785857185367,111.94383031996539,36
GA,6,0,4637.771091848717,10748.785857185367,110.70401973495727,36
GA,7,0,4637.771091848717,10311.761512152712,111.25485258590682,35
GA,8,0,0.0,11168.263537502826,108.38258781692926,36
GA,9,0,0.0,10957.38256861718,111.90906652967037,38
GA,10,0,0.0,10884.512951227813,111.6899675944824,36
GA,11,0,0.0,10751.003855511895,111.61986810290004,38
GA,12,0,0.0,10751.003855511895,111.61986810290004,38
GA,13,0,0.0,10751.003855511895,111.61986810290004,38
GA,14,0,0.0,10562.197447230828,109.4903202437199,37
GA,15,0,0.0,10562.197447230828,109.4903202437199,37
GA,16,0,0.0,10514.364669175278,108.61414452590644,35
GA,17,0,0.0,10514.364669175278,108.61414452590644,35
GA,18,0,0.0,10514.364669175278,108.61414452590644,35
GA,19,0,0.0,10209.793802621632,108.87038187976002,36
GA,20,0,0.0,10209.793802621632,108.87038187976002,36
GA,21,0,0.0,10209.793802621632,108.87038187976002,36
GA,22,0,0.0,10209.793802621632,108.4173844636902,36
GA,23,0,0.0,10209.793802621632,108.4173844636902,36
GA,24,0,0.0,10209.793802621632,107.52841447724808,36
GA,25,0,0.0,10087.698648547006,106.95465413835649,35
GA,26,0,0.0,10087.698648547006,104.23077626262437,34
GA,27,0,0.0,10087.698648547006,104.23077626262437,34
GA,28,0,0.0,10087.698648547006,104.23077626262437,34
GA,29,0,0.0,10087.698648547006,104.23077626262437,34
GA,30,0,0.0,9777.583417441518,104.3193737675693,35
GA,31,0,0.0,9777.583417441518,104.3193737675693,35
GA,32,0,0.0,9777.583417441518,104.3193737675693,35
GA,33,0,0.0,9777.583417441518,104.3193737675693,35
GA,34,0,0.0,9777.583417441518,104.3193737675693,35
GA,35,0,0.0,9777.583417441518,104.3193737675693,35
GA,36,0,0.0,9697.206486597563,104.60072433386561,35
GA,37,0,0.0,9697.206486597563,104.60072433386561,35
GA,38,0,0.0,9697.206486597563,104.60072433386561,35
GA,39,0,0.0,9697.206486597563,103.71485617921853,35
GA,40,0,0.0,9697.206486597563,103.71485617921853,35
GA,41,0,0.0,9697.206486597563,103.71485617921853,35
GA,42,0,0.0,9697.206486597563,103.71485617921853,35
GA,43,0,0.0,9697.206486597563,101.09844111929387,34
GA,44,0,0.0,9697.206486597563,101.09844111929387,34
GA,45,0,0.0,9697.206486597563,101.09844111929387,34
GA,46,0,0.0,9697.206486597563,99.51787890488804,33
GA,47,0,0.0,9697.206486597563,99.51787890488804,33
GA,48,0,0.0,9697.206486597563,99.51787890488804,33
GA,49,0,0.0,9697.206486597563,99.51787890488804,33
GA,50,0,0.0,9697.206486597563,99.51787890488804,33
GA,51,0,0.0,9697.206486597563,98.73900135973095,32
GA,52,0,0.0,9604.324115530699,99.06215630653942,33
GA,53,0,0.0,9604.324115530699,99.06215630653942,33
GA,54,0,0.0,9604.324115530699,99.06215630653942,33
GA,55,0,0.0,9604.324115530699,99.06215630653942,33
GA,56,0,0.0,9604.324115530699,99.06215630653942,33
GA,57,0,0.0,9604.324115530699,99.06215630653942,33
GA,58,0,0.0,9589.984671202916,100.95745588489193,33
GA,59,0,0.0,9538.324115530699,99.86334022041257,32
GA,60,0,0.0,9538.324115530699,99.86334022041257,32
GA,61,0,0.0,9538.324115530699,99.86334022041257,32
GA,62,0,0.0,9538.324115530699,99.86334022041257,32
GA,63,0,0.0,9538.324115530699,99.86334022041257,32
GA,64,0,0.0,9538.324115530699,99.86334022041257,32
GA,65,0,0.0,9538.324115530699,99.86334022041257,32
GA,66,0,0.0,9538.324115530699,99.86334022041257,32
GA,67,0,0.0,9538.324115530699,99.86334022041257,32
GA,68,0,0.0,9538.324115530699,99.86334022041257,32
GA,69,0,0.0,9538.324115530699,99.86334022041257,32
GA,70,0,0.0,9538.324115530699,99.86334022041257,32
GA,71,0,0.0,9538.324115530699,99.86334022041257,32
GA,72,0,0.0,9538.324115530699,99.86334022041257,32
GA,73,0,0.0,9538.324115530699,99.86334022041257,32
GA,74,0,0.0,9538.324115530699,99.86334022041257,32
GA,75,0,0.0,9538.324115530699,99.86334022041257,32
GA,76,0,0.0,9538.324115530699,99.86334022041257,32
GA,77,0,0.0,9538.324115530699,99.86334022041257,32
GA,78,0,0.0,9538.324115530699,99.86334022041257,32
GA,79,0,0.0,9538.324115530699,99.86334022041257,32
GA,80,0,0.0,9538.324115530699,99.86334022041257,32
GA,81,0,0.0,9538.324115530699,99.86334022041257,32
GA,82,0,0.0,9514.900819242754,101.3411209792746,33
GA,83,0,0.0,9514.900819242754,100.1422459478206,32
GA,84,0,0.0,9514.900819242754,100.1422459478206,32
GA,85,0,0.0,9514.900819242754,100.1422459478206,32
GA,86,0,0.0,9514.900819242754,100.1422459478206,32
GA,87,0,0.0,9514.900819242754,100.1422459478206,32
GA,88,0,0.0,9514.900819242754,100.1422459478206,32
GA,89,0,0.0,9514.900819242754,100.1422459478206,32
GA,90,0,0.0,9514.900819242754,100.1422459478206,32
GA,91,0,0.0,9514.900819242754,100.1422459478206,32
GA,92,0,0.0,9514.900819242754,100.1422459478206,32
GA,93,0,0.0,9514.900819242754,100.1422459478206,32
GA,94,0,0.0,9514.900819242754,100.1422459478206,32
GA,95,0,0.0,9514.900819242754,100.1422459478206,32
GA,96,0,0.0,9514.900819242754,100.1422459478206,32
GA,97,0,0.0,9514.900819242754,100.1422459478206,32
GA,98,0,0.0,9514.900819242754,100.1422459478206,32
GA,99,0,0.0,9418.583937804355,103.15633495209012,34
GA,100,0,0.0,9418.583937804355,103.15633495209012,34
GA,101,0,0.0,9418.583937804355,103.15633495209012,34
GA,102,0,0.0,9418.583937804355,103.15633495209012,34
GA,103,0,0.0,9418.583937804355,103.15633495209012,34
GA,104,0,0.0,9418.583937804355,103.15633495209012,34
GA,105,0,0.0,9418.583937804355,103.15633495209012,34
GA,106,0,0.0,9418.583937804355,102.48738934281934,33
GA,107,0,0.0,9340.160634984733,101.13649533149066,33
GA,108,0,0.0,9340.160634984733,101.13649533149066,33
GA,109,0,0.0,9340.160634984733,101.13649533149066,33
GA,110,0,0.0,9340.160634984733,101.13649533149066,33
GA,111,0,0.0,9281.054281074415,98.33548253973593,33
GA,112,0,0.0,9281.054281074415,98.33548253973593,33
GA,113,0,0.0,9281.054281074415,98.33548253973593,33
GA,114,0,0.0,9281.054281074415,98.19477367061032,32
GA,115,0,0.0,9281.054281074415,98.19477367061032,32
GA,116,0,0.0,9281.054281074415,98.19477367061032,32
GA,117,0,0.0,9281.054281074415,98.19477367061032,32
GA,118,0,0.0,9281.054281074415,98.19477367061032,32
GA,119,0,0.0,9281.054281074415,98.19477367061032,32
GA,120,0,0.0,9281.054281074415,98.19477367061032,32
GA,121,0,0.0,9281.054281074415,97.38153602836422,33
GA,122,0,0.0,9281.054281074415,97.38153602836422,33
GA,123,0,0.0,9281.054281074415,96.72256992981953,32
GA,124,0,0.0,9281.054281074415,96.72256992981953,32
GA,125,0,0.0,9267.550945396211,96.5836239928309,32
GA,126,0,0.0,9267.550945396211,96.5836239928309,32
GA,127,0,0.0,9215.054281074415,97.88085838756774,33
GA,128,0,0.0,9215.054281074415,97.88085838756774,33
GA,129,0,0.0,9215.054281074415,97.88085838756774,33
GA,130,0,0.0,9215.054281074415,97.88085838756774,33
GA,131,0,0.0,9215.054281074415,97.88085838756774,33
GA,132,0,0.0,9215.054281074415,97.88085838756774,33
GA,133,0,0.0,9215.054281074415,97.88085838756774,33
GA,134,0,0.0,9215.054281074415,97.88085838756774,33
GA,135,0,0.0,9215.054281074415,97.88085838756774,33
GA,136,0,0.0,9215.054281074415,97.88085838756774,33
GA,137,0,0.0,9215.054281074415,97.88085838756774,33
GA,138,0,0.0,9215.054281074415,97.82029354856697,32
GA,139,0,0.0,9215.054281074415,97.82029354856697,32
GA,140,0,0.0,9215.054281074415,97.82029354856697,32
GA,141,0,0.0,9215.054281074415,97.82029354856697,32
GA,142,0,0.0,9215.054281074415,97.82029354856697,32
GA,143,0,0.0,9215.054281074415,97.82029354856697,32
GA,144,0,0.0,9215.054281074415,97.82029354856697,32
GA,145,0,0.0,9215.054281074415,97.82029354856697,32
GA,146,0,0.0,9215.054281074415,97.64748350362498,31
GA,147,0,0.0,9215.054281074415,97.64748350362498,31
GA,148,0,0.0,9179.749451074473,95.28254009016334,30
GA,149,0,0.0,9179.749451074473,95.28254009016334,30
GA,150,0,0.0,9179.749451074473,95.28254009016334,30
GA,151,0,0.0,9179.749451074473,95.28254009016334,30
GA,152,0,0.0,9179.749451074473,95.28254009016334,30
GA,153,0,0.0,9179.749451074473,95.28254009016334,30
GA,154,0,0.0,9179.749451074473,95.28254009016334,30
GA,155,0,0.0,9179.749451074473,95.28254009016334,30
GA,156,0,0.0,9179.749451074473,95.28254009016334,30
GA,157,0,0.0,9179.749451074473,95.28254009016334,30
GA,158,0,0.0,9179.749451074473,95.28254009016334,30
GA,159,0,0.0,9179.749451074473,95.28254009016334,30
GA,160,0,0.0,9179.749451074473,95.28254009016334,30
GA,161,0,0.0,9179.749451074473,95.28254009016334,30
GA,162,0,0.0,9179.749451074473,95.28254009016334,30
GA,163,0,0.0,9179.749451074473,95.28254009016334,30
GA,164,0,0.0,9179.749451074473,95.28254009016334,30
GA,165,0,0.0,9179.749451074473,95.28254009016334,30
GA,166,0,0.0,9179.749451074473,95.28254009016334,30
GA,167,0,0.0,9179.749451074473,94.72335981707475,30
GA,168,0,0.0,9179.749451074473,94.72335981707475,30
GA,169,0,0.0,9179.749451074473,94.72335981707475,30
GA,170,0,0.0,9179.749451074473,94.52263616179738,30
GA,171,0,0.0,9179.749451074473,94.52263616179738,30
GA,172,0,0.0,9179.749451074473,94.52263616179738,30
GA,173,0,0.0,9179.749451074473,94.52263616179738,30
GA,174,0,0.0,9179.749451074473,94.52263616179738,30
GA,175,0,0.0,9179.749451074473,94.52263616179738,30
GA,176,0,0.0,9179.749451074473,94.52263616179738,30
GA,177,0,0.0,9179.749451074473,94.52263616179738,30
GA,178,0,0.0,9179.749451074473,94.52263616179738,30
GA,179,0,0.0,9179.749451074473,94.52263616179738,30
GA,180,0,0.0,9179.749451074473,94.52263616179738,30
DGWO,0,0,4637.771091848717,11313.830603838673,112.69015418137356,36
DGWO,1,0,4637.771091848717,11313.830603838673,112.69015418137356,36
DGWO,2,0,4637.771091848717,11313.830603838673,112.69015418137356,36
DGWO,3,0,4637.771091848717,11313.830603838673,112.69015418137356,36
DGWO,4,0,4637.771091848717,11313.830603838673,112.69015418137356,36
DGWO,5,0,4637.771091848717,11313.830603838673,112.69015418137356,36
DGWO,6,0,4637.771091848717,11313.830603838673,112.69015418137356,36
DGWO,7,0,4637.771091848717,11313.830603838673,112.69015418137356,36
DGWO,8,0,4637.771091848717,11313.830603838673,112.69015418137356,36
DGWO,9,0,4637.771091848717,11313.830603838673,112.69015418137356,36
DGWO,10,0,4637.771091848717,11313.830603838673,112.69015418137356,36
DGWO,11,0,4637.771091848717,11313.830603838673,112.69015418137356,36
DGWO,12,0,4637.771091848717,11313.830603838673,112.69015418137356,36
DGWO,13,0,4637.771091848717,11313.830603838673,112.69015418137356,36
DGWO,14,0,4637.771091848717,11313.830603838673,112.69015418137356,36
DGWO,15,0,4637.771091848717,11313.830603838673,112.69015418137356,36
DGWO,16,0,4637.771091848717,11313.830603838673,112.69015418137356,36
DGWO,17,0,4637.771091848717,11313.830603838673,112.69015418137356,36
DGWO,18,0,4637.771091848717,11313.830603838673,112.69015418137356,36
DGWO,19,0,4637.771091848717,11313.830603838673,112.69015418137356,36
DGWO,20,0,4637.771091848717,11313.830603838673,112.69015418137356,36
DGWO,21,0,4637.771091848717,11313.830603838673,112.69015418137356,36
DGWO,22,0,4637.771091848717,11313.830603838673,112.69015418137356,36
DGWO,23,0,4637.771091848717,11313.830603838673,112.69015418137356,36
DGWO,24,0,4637.771091848717,11313.830603838673,112.69015418137356,36
DGWO,25,0,4637.771091848717,11313.830603838673,112.69015418137356,36
DGWO,26,0,4637.771091848717,11313.830603838673,112.69015418137356,36
DGWO,27,0,4637.771091848717,11313.830603838673,112.69015418137356,36
DGWO,28,0,4637.771091848717,11313.830603838673,112.69015418137356,36
DGWO,29,0,4637.771091848717,11313.830603838673,112.69015418137356,36
DGWO,30,0,4637.771091848717,11313.830603838673,112.69015418137356,36
DGWO,31,0,4637.771091848717,11313.830603838673,112.69015418137356,36
DGWO,32,0,4637.771091848717,11313.830603838673,112.69015418137356,36
DGWO,33,0,4637.771091848717,11313.830603838673,112.69015418137356,36
DGWO,34,0,4637.771091848717,11313.830603838673,112.69015418137356,36
DGWO,35,0,4637.771091848717,11313.830603838673,112.69015418137356,36
DGWO,36,0,4637.771091848717,11313.830603838673,112.69015418137356,36
DGWO,37,0,4637.771091848717,11313.830603838673,112.69015418137356,36
DGWO,38,0,4637.771091848717,11313.830603838673,112.69015418137356,36
DGWO,39,0,4637.771091848717,11313.830603838673,112.69015418137356,36
DGWO,40,0,4637.771091848717,11313.830603838673,112.69015418137356,36
DGWO,41,0,4637.771091848717,11313.830603838673,112.69015418137356,36
DGWO,42,0,4637.771091848717,11313.830603838673,112.69015418137356,36
DGWO,43,0,4637.771091848717,11313.830603838673,112.69015418137356,36
DGWO,44,0,4637.771091848717,11313.830603838673,112.69015418137356,36
DGWO,45,0,4637.771091848717,11313.830603838673,112.69015418137356,36
DGWO,46,0,4637.771091848717,11313.830603838673,112.69015418137356,36
DGWO,47,0,4637.771091848717,11313.830603838673,112.69015418137356,36
DGWO,48,0,4637.771091848717,11313.830603838673,112.69015418137356,36
DGWO,49,0,4637.771091848717,11313.830603838673,112.69015418137356,36
DGWO,50,0,4637.771091848717,11313.830603838673,112.69015418137356,36
DGWO,51,0,4637.771091848717,11313.830603838673,112.69015418137356,36
DGWO,52,0,4637.771091848717,11313.830603838673,112.69015418137356,36
DGWO,53,0,4637.771091848717,11313.830603838673,112.69015418137356,36
DGWO,54,0,4637.771091848717,11313.830603838673,112.69015418137356,36
DGWO,55,0,4637.771091848717,11313.830603838673,112.69015418137356,36
DGWO,56,0,4637.771091848717,11313.830603838673,112.69015418137356,36
DGWO,57,0,4637.771091848717,11313.830603838673,112.69015418137356,36
DGWO,58,0,4637.771091848717,11313.830603838673,112.69015418137356,36
DGWO,59,0,4637.771091848717,11313.830603838673,112.69015418137356,36
DGWO,60,0,4637.771091848717,11313.830603838673,112.69015418137356,36
DGWO,61,0,4637.771091848717,11313.830603838673,112.69015418137356,36
DGWO,62,0,4637.771091848717,11313.830603838673,112.69015418137356,36
DGWO,63,0,4637.771091848717,11313.830603838673,112.69015418137356,36
DGWO,64,0,4637.771091848717,11313.830603838673,112.69015418137356,36
DGWO,65,0,4637.771091848717,11313.830603838673,112.69015418137356,36
DGWO,66,0,4637.771091848717,11313.830603838673,112.69015418137356,36
DGWO,67,0,4637.771091848717,11313.830603838673,112.69015418137356,36
DGWO,68,0,4637.771091848717,11313.830603838673,112.69015418137356,36
DGWO,69,0,4637.771091848717,11313.830603838673,112.69015418137356,36
DGWO,70,0,4637.771091848717,11313.830603838673,112.69015418137356,36
DGWO,71,0,4637.771091848717,11313.830603838673,112.69015418137356,36
DGWO,72,0,4637.771091848717,11313.830603838673,112.69015418137356,36
DGWO,73,0,4637.771091848717,11313.830603838673,112.69015418137356,36
DGWO,74,0,4637.771091848717,11313.830603838673,112.69015418137356,36
DGWO,75,0,4637.771091848717,11313.830603838673,112.69015418137356,36
DGWO,76,0,4637.771091848717,11313.830603838673,112.69015418137356,36
DGWO,77,0,4637.771091848717,11313.830603838673,112.69015418137356,36
DGWO,78,0,4637.771091848717,11313.830603838673,112.69015418137356,36
DGWO,79,0,4637.771091848717,11313.830603838673,112.69015418137356,36
DGWO,80,0,4637.771091848717,11313.830603838673,112.69015418137356,36
DGWO,81,0,4637.771091848717,11313.830603838673,112.69015418137356,36
DGWO,82,0,4637.771091848717,11313.830603838673,112.69015418137356,36
DGWO,83,0,4637.771091848717,11313.830603838673,112.69015418137356,36
DGWO,84,0,4637.771091848717,11313.830603838673,112.69015418137356,36
DGWO,85,0,4637.771091848717,11313.830603838673,112.69015418137356,36
DGWO,86,0,4637.771091848717,11313.830603838673,112.69015418137356,36
DGWO,87,0,4637.771091848717,11313.830603838673,112.69015418137356,36
DGWO,88,0,4637.771091848717,11313.830603838673,112.69015418137356,36
DGWO,89,0,4637.771091848717,11313.830603838673,112.69015418137356,36
DGWO,90,0,4637.771091848717,11313.830603838673,112.69015418137356,36
DGWO,91,0,4637.771091848717,11313.830603838673,112.69015418137356,36
DGWO,92,0,4637.771091848717,11313.830603838673,112.69015418137356,36
DGWO,93,0,4637.771091848717,11313.830603838673,112.69015418137356,36
DGWO,94,0,4637.771091848717,11313.830603838673,112.69015418137356,36
DGWO,95,0,4637.771091848717,11313.830603838673,112.69015418137356,36
DGWO,96,0,4637.771091848717,11313.830603838673,112.69015418137356,36
DGWO,97,0,4637.771091848717,11313.830603838673,112.69015418137356,36
DGWO,98,0,4637.771091848717,11313.830603838673,112.69015418137356,36
DGWO,99,0,4637.771091848717,11313.830603838673,112.69015418137356,36
DGWO,100,0,4637.771091848717,11313.830603838673,112.69015418137356,36
DGWO,101,0,4637.771091848717,11313.830603838673,112.69015418137356,36
DGWO,102,0,4637.771091848717,11313.830603838673,112.69015418137356,36
DGWO,103,0,4637.771091848717,11313.830603838673,112.69015418137356,36
DGWO,104,0,4637.771091848717,11313.830603838673,112.69015418137356,36
DGWO,105,0,4637.771091848717,11313.830603838673,112.69015418137356,36
DGWO,106,0,4637.771091848717,11313.830603838673,112.69015418137356,36
DGWO,107,0,4637.771091848717,11313.830603838673,112.69015418137356,36
DGWO,108,0,4637.771091848717,11313.830603838673,112.69015418137356,36
DGWO,109,0,4637.771091848717,11313.830603838673,112.69015418137356,36
DGWO,110,0,4637.771091848717,11313.830603838673,112.69015418137356,36
DGWO,111,0,4637.771091848717,11313.830603838673,112.69015418137356,36
DGWO,112,0,4637.771091848717,11313.830603838673,112.69015418137356,36
DGWO,113,0,4637.771091848717,11313.830603838673,112.69015418137356,36
DGWO,114,0,4637.771091848717,11313.830603838673,112.69015418137356,36
DGWO,115,0,4637.771091848717,11313.830603838673,112.69015418137356,36
DGWO,116,0,4637.771091848717,11313.830603838673,112.69015418137356,36
DGWO,117,0,4637.771091848717,11313.830603838673,112.69015418137356,36
DGWO,118,0,4637.771091848717,11313.830603838673,112.69015418137356,36
DGWO,119,0,4637.771091848717,11313.830603838673,112.69015418137356,36
DGWO,120,0,4637.771091848717,11313.830603838673,112.69015418137356,36
DGWO,121,0,4637.771091848717,11313.830603838673,112.69015418137356,36
DGWO,122,0,4637.771091848717,11313.830603838673,112.69015418137356,36
DGWO,123,0,4637.771091848717,11313.830603838673,112.69015418137356,36
DGWO,124,0,4637.771091848717,11313.830603838673,112.69015418137356,36
DGWO,125,0,4637.771091848717,11313.830603838673,112.69015418137356,36
DGWO,126,0,4637.771091848717,11313.830603838673,112.69015418137356,36
DGWO,127,0,4637.771091848717,11313.830603838673,112.69015418137356,36
DGWO,128,0,4637.771091848717,11313.830603838673,112.69015418137356,36
DGWO,129,0,4637.771091848717,11313.830603838673,112.69015418137356,36
DGWO,130,0,4637.771091848717,11313.830603838673,112.69015418137356,36
DGWO,131,0,4637.771091848717,11313.830603838673,112.69015418137356,36
DGWO,132,0,4637.771091848717,11313.830603838673,112.69015418137356,36
DGWO,133,0,4637.771091848717,11313.830603838673,112.69015418137356,36
DGWO,134,0,4637.771091848717,11313.830603838673,112.69015418137356,36
DGWO,135,0,4637.771091848717,11313.830603838673,112.69015418137356,36
DGWO,136,0,4637.771091848717,11313.830603838673,112.69015418137356,36
DGWO,137,0,4637.771091848717,11313.830603838673,112.69015418137356,36
DGWO,138,0,4637.771091848717,11313.830603838673,112.69015418137356,36
DGWO,139,0,4637.771091848717,11313.830603838673,112.69015418137356,36
DGWO,140,0,4637.771091848717,11313.830603838673,112.69015418137356,36
DGWO,141,0,4637.771091848717,11313.830603838673,112.69015418137356,36
DGWO,142,0,4637.771091848717,11313.830603838673,112.69015418137356,36
DGWO,143,0,4637.771091848717,11313.830603838673,112.69015418137356,36
DGWO,144,0,4637.771091848717,11313.830603838673,112.69015418137356,36
DGWO,145,0,4637.771091848717,11313.830603838673,112.69015418137356,36
DGWO,146,0,4637.771091848717,11313.830603838673,112.69015418137356,36
DGWO,147,0,4637.771091848717,11313.830603838673,112.69015418137356,36
DGWO,148,0,4637.771091848717,11313.830603838673,112.69015418137356,36
DGWO,149,0,4637.771091848717,11313.830603838673,112.69015418137356,36
DGWO,150,0,4637.771091848717,11313.830603838673,112.69015418137356,36
DGWO,151,0,4637.771091848717,11313.830603838673,112.69015418137356,36
DGWO,152,0,4637.771091848717,11313.830603838673,112.69015418137356,36
DGWO,153,0,4637.771091848717,11313.830603838673,112.69015418137356,36
DGWO,154,0,4637.771091848717,11313.830603838673,112.69015418137356,36
DGWO,155,0,4637.771091848717,11313.830603838673,112.69015418137356,36
DGWO,156,0,4637.771091848717,11313.830603838673,112.69015418137356,36
DGWO,157,0,4637.771091848717,11313.830603838673,112.69015418137356,36
DGWO,158,0,4637.771091848717,11313.830603838673,112.69015418137356,36
DGWO,159,0,4637.771091848717,11313.830603838673,112.69015418137356,36
DGWO,160,0,4637.771091848717,11313.830603838673,112.69015418137356,36
DGWO,161,0,4637.771091848717,11313.830603838673,112.69015418137356,36
DGWO,162,0,4637.771091848717,11313.830603838673,112.69015418137356,36
DGWO,163,0,4637.771091848717,11313.830603838673,112.69015418137356,36
DGWO,164,0,4637.771091848717,11313.830603838673,112.69015418137356,36
DGWO,165,0,4637.771091848717,11313.830603838673,112.69015418137356,36
DGWO,166,0,4637.771091848717,11313.830603838673,112.69015418137356,36
DGWO,167,0,4637.771091848717,11313.830603838673,112.69015418137356,36
DGWO,168,0,4637.771091848717,11313.830603838673,112.69015418137356,36
DGWO,169,0,4637.771091848717,11313.830603838673,112.69015418137356,36
DGWO,170,0,4637.771091848717,11313.830603838673,112.69015418137356,36
DGWO,171,0,4637.771091848717,11313.830603838673,112.69015418137356,36
DGWO,172,0,4637.771091848717,11313.830603838673,112.69015418137356,36
DGWO,173,0,4637.771091848717,11313.830603838673,112.69015418137356,36
DGWO,174,0,4637.771091848717,11313.830603838673,112.69015418137356,36
DGWO,175,0,4637.771091848717,11313.830603838673,112.69015418137356,36
DGWO,176,0,4637.771091848717,11313.830603838673,112.69015418137356,36
DGWO,177,0,4637.771091848717,11313.830603838673,112.69015418137356,36
DGWO,178,0,4637.771091848717,11313.830603838673,112.69015418137356,36
DGWO,179,0,4637.771091848717,11313.830603838673,112.69015418137356,36
DGWO,180,0,4637.771091848717,11313.830603838673,112.69015418137356,36
DGWO,181,0,4637.771091848717,11313.830603838673,112.69015418137356,36
DGWO,182,0,4637.771091848717,11313.830603838673,112.69015418137356,36
DGWO,183,0,4637.771091848717,11313.830603838673,112.69015418137356,36
DGWO,184,0,4637.771091848717,11313.830603838673,112.69015418137356,36
DGWO,185,0,4637.771091848717,11313.830603838673,112.69015418137356,36
DGWO,186,0,4637.771091848717,11313.830603838673,112.69015418137356,36
DGWO,187,0,4637.771091848717,11313.830603838673,112.69015418137356,36
DGWO,188,0,4637.771091848717,11313.830603838673,112.69015418137356,36
DGWO,189,0,4637.771091848717,11313.830603838673,112.69015418137356,36
DGWO,190,0,4637.771091848717,11313.830603838673,112.69015418137356,36
DGWO,191,0,4637.771091848717,11313.830603838673,112.69015418137356,36
DGWO,192,0,4637.771091848717,11313.830603838673,112.69015418137356,36
DGWO,193,0,4637.771091848717,11313.830603838673,112.69015418137356,36
DGWO,194,0,4637.771091848717,11313.830603838673,112.69015418137356,36
DGWO,195,0,4637.771091848717,11313.830603838673,112.69015418137356,36
DGWO,196,0,4637.771091848717,11313.830603838673,112.69015418137356,36
DGWO,197,0,4637.771091848717,11313.830603838673,112.69015418137356,36
DGWO,198,0,4637.771091848717,11313.830603838673,112.69015418137356,36
DGWO,199,0,4637.771091848717,11313.830603838673,112.69015418137356,36
DGWO,200,0,4637.771091848717,11313.830603838673,112.69015418137356,36
DGWO,201,0,4637.771091848717,11313.830603838673,112.69015418137356,36
DGWO,202,0,4637.771091848717,11313.830603838673,112.69015418137356,36
DGWO,203,0,4637.771091848717,11313.830603838673,112.69015418137356,36
DGWO,204,0,4637.771091848717,11313.830603838673,112.69015418137356,36
DGWO,205,0,4637.771091848717,11313.830603838673,112.69015418137356,36
DGWO,206,0,4637.771091848717,11313.830603838673,112.69015418137356,36
DGWO,207,0,4637.771091848717,11313.830603838673,112.69015418137356,36
DGWO,208,0,4637.771091848717,11313.830603838673,112.69015418137356,36
DGWO,209,0,4637.771091848717,11313.830603838673,112.69015418137356,36
DGWO,210,0,4637.771091848717,11313.830603838673,112.69015418137356,36
DGWO,211,0,4637.771091848717,11313.830603838673,112.69015418137356,36
DGWO,212,0,4637.771091848717,11313.830603838673,112.69015418137356,36
DGWO,213,0,4637.771091848717,11313.830603838673,112.69015418137356,36
DGWO,214,0,4637.771091848717,11313.830603838673,112.69015418137356,36
DGWO,215,0,4637.771091848717,11313.830603838673,112.69015418137356,36
DGWO,216,0,4637.771091848717,11313.830603838673,112.69015418137356,36
DGWO,217,0,4637.771091848717,11313.830603838673,112.69015418137356,36
DGWO,218,0,4637.771091848717,11313.830603838673,112.69015418137356,36
DGWO,219,0,4637.771091848717,11313.830603838673,112.69015418137356,36
DGWO,220,0,4637.771091848717,11313.830603838673,112.69015418137356,36
DGWO,221,0,4637.771091848717,11313.830603838673,112.69015418137356,36
DGWO,222,0,4637.771091848717,11313.830603838673,112.69015418137356,36
DGWO,223,0,4637.771091848717,11313.830603838673,112.69015418137356,36
DGWO,224,0,4637.771091848717,11313.830603838673,112.69015418137356,36
DGWO,225,0,4637.771091848717,11313.830603838673,112.69015418137356,36
DGWO,226,0,4637.771091848717,11313.830603838673,112.69015418137356,36
DGWO,227,0,4637.771091848717,11313.830603838673,112.69015418137356,36
DGWO,228,0,4637.771091848717,11313.830603838673,112.69015418137356,36
DGWO,229,0,4637.771091848717,11313.830603838673,112.69015418137356,36
DGWO,230,0,4637.771091848717,11313.830603838673,112.69015418137356,36
DGWO,231,0,4637.771091848717,11313.830603838673,112.69015418137356,36
DGWO,232,0,4637.771091848717,11313.830603838673,112.69015418137356,36
DGWO,233,0,4637.771091848717,11313.830603838673,112.69015418137356,36
DGWO,234,0,4637.771091848717,11313.830603838673,112.69015418137356,36
DGWO,235,0,4637.771091848717,11313.830603838673,112.69015418137356,36
DGWO,236,0,4637.771091848717,11313.830603838673,112.69015418137356,36
DGWO,237,0,4637.771091848717,11313.830603838673,112.69015418137356,36
DGWO,238,0,4637.771091848717,11313.830603838673,112.69015418137356,36
DGWO,239,0,4637.771091848717,11313.830603838673,112.69015418137356,36
DGWO,240,0,4637.771091848717,11313.830603838673,112.69015418137356,36
DGWO,241,0,4637.771091848717,11313.830603838673,112.69015418137356,36
DGWO,242,0,4637.771091848717,11313.830603838673,112.69015418137356,36
DGWO,243,0,4637.771091848717,11313.830603838673,112.69015418137356,36
DGWO,244,0,4637.771091848717,11313.830603838673,112.69015418137356,36
DGWO,245,0,4637.771091848717,11313.830603838673,112.69015418137356,36
DGWO,246,0,4637.771091848717,11313.830603838673,112.69015418137356,36
DGWO,247,0,4637.771091848717,11313.830603838673,112.69015418137356,36
DGWO,248,0,4637.771091848717,11313.830603838673,112.69015418137356,36
DGWO,249,0,4637.771091848717,11313.830603838673,112.69015418137356,36
DGWO,250,0,4637.771091848717,11313.830603838673,112.69015418137356,36
DGWO,251,0,4637.771091848717,11313.830603838673,112.69015418137356,36
DGWO,252,0,4637.771091848717,11313.830603838673,112.69015418137356,36
DGWO,253,0,4637.771091848717,11313.830603838673,112.69015418137356,36
DGWO,254,0,4637.771091848717,11313.830603838673,112.69015418137356,36
DGWO,255,0,4637.771091848717,11313.830603838673,112.69015418137356,36
DGWO,256,0,4637.771091848717,11313.830603838673,112.69015418137356,36
DGWO,257,0,4637.771091848717,11313.830603838673,112.69015418137356,36
DGWO,258,0,4637.771091848717,11313.830603838673,112.69015418137356,36
DGWO,259,0,4637.771091848717,11313.830603838673,112.69015418137356,36
DGWO,260,0,4637.771091848717,11313.830603838673,112.69015418137356,36
DPSO,0,0,4637.771091848717,11313.830603838673,112.69015418137356,36
DPSO,1,0,4637.771091848717,11313.830603838673,112.69015418137356,36
DPSO,2,0,4637.771091848717,11313.830603838673,112.69015418137356,36
DPSO,3,0,4637.771091848717,11313.830603838673,112.69015418137356,36
DPSO,4,0,4637.771091848717,11313.830603838673,112.69015418137356,36
DPSO,5,0,4637.771091848717,11313.830603838673,112.69015418137356,36
DPSO,6,0,4637.771091848717,11313.830603838673,112.69015418137356,36
DPSO,7,0,4637.771091848717,11313.830603838673,112.69015418137356,36
DPSO,8,0,4637.771091848717,11313.830603838673,112.69015418137356,36
DPSO,9,0,4637.771091848717,11313.830603838673,112.69015418137356,36
DPSO,10,0,4637.771091848717,11313.830603838673,112.69015418137356,36
DPSO,11,0,4637.771091848717,11313.830603838673,112.69015418137356,36
DPSO,12,0,4637.771091848717,11313.830603838673,112.69015418137356,36
DPSO,13,0,4637.771091848717,11313.830603838673,112.69015418137356,36
DPSO,14,0,4637.771091848717,11313.830603838673,112.69015418137356,36
DPSO,15,0,4637.771091848717,11313.830603838673,112.69015418137356,36
DPSO,16,0,4637.771091848717,11313.830603838673,112.69015418137356,36
DPSO,17,0,4637.771091848717,11313.830603838673,112.69015418137356,36
DPSO,18,0,4637.771091848717,11313.830603838673,112.69015418137356,36
DPSO,19,0,4637.771091848717,11313.830603838673,112.69015418137356,36
DPSO,20,0,4637.771091848717,11313.830603838673,112.69015418137356,36
DPSO,21,0,4637.771091848717,11313.830603838673,112.69015418137356,36
DPSO,22,0,4637.771091848717,11313.830603838673,112.69015418137356,36
DPSO,23,0,4637.771091848717,11313.830603838673,112.69015418137356,36
DPSO,24,0,4637.771091848717,11313.830603838673,112.69015418137356,36
DPSO,25,0,4637.771091848717,11313.830603838673,112.69015418137356,36
DPSO,26,0,4637.771091848717,11313.830603838673,112.69015418137356,36
DPSO,27,0,4637.771091848717,11313.830603838673,112.69015418137356,36
DPSO,28,0,4637.771091848717,11313.830603838673,112.69015418137356,36
DPSO,29,0,4637.771091848717,11313.830603838673,112.69015418137356,36
DPSO,30,0,4637.771091848717,11313.830603838673,112.69015418137356,36
DPSO,31,0,4637.771091848717,11313.830603838673,112.69015418137356,36
DPSO,32,0,4637.771091848717,11313.830603838673,112.69015418137356,36
DPSO,33,0,4637.771091848717,11313.830603838673,112.69015418137356,36
DPSO,34,0,4637.771091848717,11313.830603838673,112.69015418137356,36
DPSO,35,0,4637.771091848717,11313.830603838673,112.69015418137356,36
DPSO,36,0,4637.771091848717,11313.830603838673,112.69015418137356,36
DPSO,37,0,4637.771091848717,11313.830603838673,112.69015418137356,36
DPSO,38,0,4637.771091848717,11313.830603838673,112.69015418137356,36
DPSO,39,0,4637.771091848717,11313.830603838673,112.69015418137356,36
DPSO,40,0,4637.771091848717,11313.830603838673,112.69015418137356,36
DPSO,41,0,4637.771091848717,11313.830603838673,112.69015418137356,36
DPSO,42,0,4637.771091848717,11313.830603838673,112.69015418137356,36
DPSO,43,0,4637.771091848717,11313.830603838673,112.69015418137356,36
DPSO,44,0,4637.771091848717,11313.830603838673,112.69015418137356,36
DPSO,45,0,4637.771091848717,11313.830603838673,112.69015418137356,36
DPSO,46,0,4637.771091848717,11313.830603838673,112.69015418137356,36
DPSO,47,0,4637.771091848717,11313.830603838673,112.69015418137356,36
DPSO,48,0,4637.771091848717,11313.830603838673,112.69015418137356,36
DPSO,49,0,4637.771091848717,11313.830603838673,112.69015418137356,36
DPSO,50,0,4637.771091848717,11313.830603838673,112.69015418137356,36
DPSO,51,0,4637.771091848717,11313.830603838673,112.69015418137356,36
DPSO,52,0,4637.771091848717,11313.830603838673,112.69015418137356,36
DPSO,53,0,4637.771091848717,11313.830603838673,112.69015418137356,36
DPSO,54,0,4637.771091848717,11313.830603838673,112.69015418137356,36
DPSO,55,0,4637.771091848717,11313.830603838673,112.69015418137356,36
DPSO,56,0,4637.771091848717,11313.830603838673,112.69015418137356,36
DPSO,57,0,4637.771091848717,11313.830603838673,112.69015418137356,36
DPSO,58,0,4637.771091848717,11313.830603838673,112.69015418137356,36
DPSO,59,0,4637.771091848717,11313.830603838673,112.69015418137356,36
DPSO,60,0,4637.771091848717,11313.830603838673,112.69015418137356,36
DPSO,61,0,4637.771091848717,11313.830603838673,112.69015418137356,36
DPSO,62,0,4637.771091848717,11313.830603838673,112.69015418137356,36
DPSO,63,0,4637.771091848717,11313.830603838673,112.69015418137356,36
DPSO,64,0,4637.771091848717,11313.830603838673,112.69015418137356,36
DPSO,65,0,4637.771091848717,11313.830603838673,112.69015418137356,36
DPSO,66,0,4637.771091848717,11313.830603838673,112.69015418137356,36
DPSO,67,0,4637.771091848717,11313.830603838673,112.69015418137356,36
DPSO,68,0,4637.771091848717,11313.830603838673,112.69015418137356,36
DPSO,69,0,4637.771091848717,11313.830603838673,112.69015418137356,36
DPSO,70,0,4637.771091848717,11313.830603838673,112.69015418137356,36
DPSO,71,0,4637.771091848717,11313.830603838673,112.69015418137356,36
DPSO,72,0,4637.771091848717,11313.830603838673,112.69015418137356,36
DPSO,73,0,4637.771091848717,11313.830603838673,112.69015418137356,36
DPSO,74,0,4637.771091848717,11313.830603838673,112.69015418137356,36
DPSO,75,0,4637.771091848717,11313.830603838673,112.69015418137356,36
DPSO,76,0,4637.771091848717,11313.830603838673,112.69015418137356,36
DPSO,77,0,4637.771091848717,11313.830603838673,112.69015418137356,36
DPSO,78,0,4637.771091848717,11313.830603838673,112.69015418137356,36
DPSO,79,0,4637.771091848717,11313.830603838673,112.69015418137356,36
DPSO,80,0,4637.771091848717,11313.830603838673,112.69015418137356,36
DPSO,81,0,4637.771091848717,11313.830603838673,112.69015418137356,36
DPSO,82,0,4637.771091848717,11313.830603838673,112.69015418137356,36
DPSO,83,0,4637.771091848717,11313.830603838673,112.69015418137356,36
DPSO,84,0,4637.771091848717,11313.830603838673,112.69015418137356,36
DPSO,85,0,4637.771091848717,11313.830603838673,112.69015418137356,36
DPSO,86,0,4637.771091848717,11313.830603838673,112.69015418137356,36
DPSO,87,0,4637.771091848717,11313.830603838673,112.69015418137356,36
DPSO,88,0,4637.771091848717,11313.830603838673,112.69015418137356,36
DPSO,89,0,4637.771091848717,11313.830603838673,112.69015418137356,36
DPSO,90,0,4637.771091848717,11313.830603838673,112.69015418137356,36
DPSO,91,0,4637.771091848717,11313.830603838673,112.69015418137356,36
DPSO,92,0,4637.771091848717,11313.830603838673,112.69015418137356,36
DPSO,93,0,4637.771091848717,11313.830603838673,112.69015418137356,36
DPSO,94,0,4637.771091848717,11313.830603838673,112.69015418137356,36
DPSO,95,0,4637.771091848717,11313.830603838673,112.69015418137356,36
DPSO,96,0,4637.771091848717,11313.830603838673,112.69015418137356,36
DPSO,97,0,4637.771091848717,11313.830603838673,112.69015418137356,36
DPSO,98,0,4637.771091848717,11313.830603838673,112.69015418137356,36
DPSO,99,0,4637.771091848717,11313.830603838673,112.69015418137356,36
DPSO,100,0,4637.771091848717,11313.830603838673,112.69015418137356,36
DPSO,101,0,4637.771091848717,11313.830603838673,112.69015418137356,36
DPSO,102,0,4637.771091848717,11313.830603838673,112.69015418137356,36
DPSO,103,0,4637.771091848717,11313.830603838673,112.69015418137356,36
DPSO,104,0,4637.771091848717,11313.830603838673,112.69015418137356,36
DPSO,105,0,4637.771091848717,11313.830603838673,112.69015418137356,36
DPSO,106,0,4637.771091848717,11313.830603838673,112.69015418137356,36
DPSO,107,0,4637.771091848717,11313.830603838673,112.69015418137356,36
DPSO,108,0,4637.771091848717,11313.830603838673,112.69015418137356,36
DPSO,109,0,4637.771091848717,11313.830603838673,112.69015418137356,36
DPSO,110,0,4637.771091848717,11313.830603838673,112.69015418137356,36
DPSO,111,0,4637.771091848717,11313.830603838673,112.69015418137356,36
DPSO,112,0,4637.771091848717,11313.830603838673,112.69015418137356,36
DPSO,113,0,4637.771091848717,11313.830603838673,112.69015418137356,36
DPSO,114,0,4637.771091848717,11313.830603838673,112.69015418137356,36
DPSO,115,0,4637.771091848717,11313.830603838673,112.69015418137356,36
DPSO,116,0,4637.771091848717,11313.830603838673,112.69015418137356,36
DPSO,117,0,4637.771091848717,11313.830603838673,112.69015418137356,36
DPSO,118,0,4637.771091848717,11313.830603838673,112.69015418137356,36
DPSO,119,0,4637.771091848717,11313.830603838673,112.69015418137356,36
DPSO,120,0,4637.771091848717,11313.830603838673,112.69015418137356,36
DPSO,121,0,4637.771091848717,11313.830603838673,112.69015418137356,36
DPSO,122,0,4637.771091848717,11313.830603838673,112.69015418137356,36
DPSO,123,0,4637.771091848717,11313.830603838673,112.69015418137356,36
DPSO,124,0,4637.771091848717,11313.830603838673,112.69015418137356,36
DPSO,125,0,4637.771091848717,11313.830603838673,112.69015418137356,36
DPSO,126,0,4637.771091848717,11313.830603838673,112.69015418137356,36
DPSO,127,0,4637.771091848717,11313.830603838673,112.69015418137356,36
DPSO,128,0,4637.771091848717,11313.830603838673,112.69015418137356,36
DPSO,129,0,4637.771091848717,11313.830603838673,112.69015418137356,36
DPSO,130,0,4637.771091848717,11313.830603838673,112.69015418137356,36
DPSO,131,0,4637.771091848717,11313.830603838673,112.69015418137356,36
DPSO,132,0,4637.771091848717,11313.830603838673,112.69015418137356,36
DPSO,133,0,4637.771091848717,11313.830603838673,112.69015418137356,36
DPSO,134,0,4637.771091848717,11313.830603838673,112.69015418137356,36
DPSO,135,0,4637.771091848717,11313.830603838673,112.69015418137356,36
DPSO,136,0,4637.771091848717,11313.830603838673,112.69015418137356,36
DPSO,137,0,4637.771091848717,11313.830603838673,112.69015418137356,36
DPSO,138,0,4637.771091848717,11313.830603838673,112.69015418137356,36
DPSO,139,0,4637.771091848717,11313.830603838673,112.69015418137356,36
DPSO,140,0,4637.771091848717,11313.830603838673,112.69015418137356,36
DPSO,141,0,4637.771091848717,11313.830603838673,112.69015418137356,36
DPSO,142,0,4637.771091848717,11313.830603838673,112.69015418137356,36
DPSO,143,0,4637.771091848717,11313.830603838673,112.69015418137356,36
DPSO,144,0,4637.771091848717,11313.830603838673,112.69015418137356,36
DPSO,145,0,4637.771091848717,11313.830603838673,112.69015418137356,36
DPSO,146,0,4637.771091848717,11313.830603838673,112.69015418137356,36
DPSO,147,0,4637.771091848717,11313.830603838673,112.69015418137356,36
DPSO,148,0,4637.771091848717,11313.830603838673,112.69015418137356,36
DPSO,149,0,4637.771091848717,11313.830603838673,112.69015418137356,36
DPSO,150,0,4637.771091848717,11313.830603838673,112.69015418137356,36
DPSO,151,0,4637.771091848717,11313.830603838673,112.69015418137356,36
DPSO,152,0,4637.771091848717,11313.830603838673,112.69015418137356,36
DPSO,153,0,4637.771091848717,11313.830603838673,112.69015418137356,36
DPSO,154,0,4637.771091848717,11313.830603838673,112.69015418137356,36
DPSO,155,0,4637.771091848717,11313.830603838673,112.69015418137356,36
DPSO,156,0,4637.771091848717,11313.830603838673,112.69015418137356,36
DPSO,157,0,4637.771091848717,11313.830603838673,112.69015418137356,36
DPSO,158,0,4637.771091848717,11313.830603838673,112.69015418137356,36
DPSO,159,0,4637.771091848717,11313.830603838673,112.69015418137356,36
DPSO,160,0,4637.771091848717,11313.830603838673,112.69015418137356,36
DPSO,161,0,4637.771091848717,11313.830603838673,112.69015418137356,36
DPSO,162,0,4637.771091848717,11313.830603838673,112.69015418137356,36
DPSO,163,0,4637.771091848717,11313.830603838673,112.69015418137356,36
DPSO,164,0,4637.771091848717,11313.830603838673,112.69015418137356,36
DPSO,165,0,4637.771091848717,11313.830603838673,112.69015418137356,36
DPSO,166,0,4637.771091848717,11313.830603838673,112.69015418137356,36
DPSO,167,0,4637.771091848717,11313.830603838673,112.69015418137356,36
DPSO,168,0,4637.771091848717,11313.830603838673,112.69015418137356,36
DPSO,169,0,4637.771091848717,11313.830603838673,112.69015418137356,36
DPSO,170,0,4637.771091848717,11313.830603838673,112.69015418137356,36
DPSO,171,0,4637.771091848717,11313.830603838673,112.69015418137356,36
DPSO,172,0,4637.771091848717,11313.830603838673,112.69015418137356,36
DPSO,173,0,4637.771091848717,11313.830603838673,112.69015418137356,36
DPSO,174,0,4637.771091848717,11313.830603838673,112.69015418137356,36
DPSO,175,0,4637.771091848717,11313.830603838673,112.69015418137356,36
DPSO,176,0,4637.771091848717,11313.830603838673,112.69015418137356,36
DPSO,177,0,4637.771091848717,11313.830603838673,112.69015418137356,36
DPSO,178,0,4637.771091848717,11313.830603838673,112.69015418137356,36
DPSO,179,0,4637.771091848717,11313.830603838673,112.69015418137356,36
DPSO,180,0,4637.771091848717,11313.830603838673,112.69015418137356,36
DPSO,181,0,4637.771091848717,11313.830603838673,112.69015418137356,36
DPSO,182,0,4637.771091848717,11313.830603838673,112.69015418137356,36
DPSO,183,0,4637.771091848717,11313.830603838673,112.69015418137356,36
DPSO,184,0,4637.771091848717,11313.830603838673,112.69015418137356,36
DPSO,185,0,4637.771091848717,11313.830603838673,112.69015418137356,36
DPSO,186,0,4637.771091848717,11313.830603838673,112.69015418137356,36
DPSO,187,0,4637.771091848717,11313.830603838673,112.69015418137356,36
DPSO,188,0,4637.771091848717,11313.830603838673,112.69015418137356,36
DPSO,189,0,4637.771091848717,11313.830603838673,112.69015418137356,36
DPSO,190,0,4637.771091848717,11313.830603838673,112.69015418137356,36
DPSO,191,0,4637.771091848717,11313.830603838673,112.69015418137356,36
DPSO,192,0,4637.771091848717,11313.830603838673,112.69015418137356,36
DPSO,193,0,4637.771091848717,11313.830603838673,112.69015418137356,36
DPSO,194,0,4637.771091848717,11313.830603838673,112.69015418137356,36
DPSO,195,0,4637.771091848717,11313.830603838673,112.69015418137356,36
DPSO,196,0,4637.771091848717,11313.830603838673,112.69015418137356,36
DPSO,197,0,4637.771091848717,11313.830603838673,112.69015418137356,36
DPSO,198,0,4637.771091848717,11313.830603838673,112.69015418137356,36
DPSO,199,0,4637.771091848717,11313.830603838673,112.69015418137356,36
DPSO,200,0,4637.771091848717,11313.830603838673,112.69015418137356,36
DPSO,201,0,4637.771091848717,11313.830603838673,112.69015418137356,36
DPSO,202,0,4637.771091848717,11313.830603838673,112.69015418137356,36
DPSO,203,0,4637.771091848717,11313.830603838673,112.69015418137356,36
DPSO,204,0,4637.771091848717,11313.830603838673,112.69015418137356,36
DPSO,205,0,4637.771091848717,11313.830603838673,112.69015418137356,36
DPSO,206,0,4637.771091848717,11313.830603838673,112.69015418137356,36
DPSO,207,0,4637.771091848717,11313.830603838673,112.69015418137356,36
DPSO,208,0,4637.771091848717,11313.830603838673,112.69015418137356,36
DPSO,209,0,4637.771091848717,11313.830603838673,112.69015418137356,36
DPSO,210,0,4637.771091848717,11313.830603838673,112.69015418137356,36
DPSO,211,0,4637.771091848717,11313.830603838673,112.69015418137356,36
DPSO,212,0,4637.771091848717,11313.830603838673,112.69015418137356,36
DPSO,213,0,4637.771091848717,11313.830603838673,112.69015418137356,36
DPSO,214,0,4637.771091848717,11313.830603838673,112.69015418137356,36
DPSO,215,0,4637.771091848717,11313.830603838673,112.69015418137356,36
DPSO,216,0,4637.771091848717,11313.830603838673,112.69015418137356,36
DPSO,217,0,4637.771091848717,11313.830603838673,112.69015418137356,36
DPSO,218,0,4637.771091848717,11313.830603838673,112.69015418137356,36
DPSO,219,0,4637.771091848717,11313.830603838673,112.69015418137356,36
DPSO,220,0,4637.771091848717,11313.830603838673,112.69015418137356,36
DPSO,221,0,4637.771091848717,11313.830603838673,112.69015418137356,36
DPSO,222,0,4637.771091848717,11313.830603838673,112.69015418137356,36
DPSO,223,0,4637.771091848717,11313.830603838673,112.69015418137356,36
DPSO,224,0,4637.771091848717,11313.830603838673,112.69015418137356,36
DPSO,225,0,4637.771091848717,11313.830603838673,112.69015418137356,36
DPSO,226,0,4637.771091848717,11313.830603838673,112.69015418137356,36
DPSO,227,0,4637.771091848717,11313.830603838673,112.69015418137356,36
DPSO,228,0,4637.771091848717,11313.830603838673,112.69015418137356,36
DPSO,229,0,4637.771091848717,11313.830603838673,112.69015418137356,36
DPSO,230,0,4637.771091848717,11313.830603838673,112.69015418137356,36
DPSO,231,0,4637.771091848717,11313.830603838673,112.69015418137356,36
DPSO,232,0,4637.771091848717,11313.830603838673,112.69015418137356,36
DPSO,233,0,4637.771091848717,11313.830603838673,112.69015418137356,36
DPSO,234,0,4637.771091848717,11313.830603838673,112.69015418137356,36
DPSO,235,0,4637.771091848717,11313.830603838673,112.69015418137356,36
DPSO,236,0,4637.771091848717,11313.830603838673,112.69015418137356,36
DPSO,237,0,4637.771091848717,11313.830603838673,112.69015418137356,36
DPSO,238,0,4637.771091848717,11313.830603838673,112.69015418137356,36
DPSO,239,0,4637.771091848717,11313.830603838673,112.69015418137356,36
DPSO,240,0,4637.771091848717,11313.830603838673,112.69015418137356,36
DPSO,241,0,4637.771091848717,11313.830603838673,112.69015418137356,36
DPSO,242,0,4637.771091848717,11313.830603838673,112.69015418137356,36
DPSO,243,0,4637.771091848717,11313.830603838673,112.69015418137356,36
DPSO,244,0,4637.771091848717,11313.830603838673,112.69015418137356,36
DPSO,245,0,4637.771091848717,11313.830603838673,112.69015418137356,36
DPSO,246,0,4637.771091848717,11313.830603838673,112.69015418137356,36
DPSO,247,0,4637.771091848717,11313.830603838673,112.69015418137356,36
DPSO,248,0,4637.771091848717,11313.830603838673,112.69015418137356,36
DPSO,249,0,4637.771091848717,11313.830603838673,112.69015418137356,36
DPSO,250,0,4637.771091848717,11313.830603838673,112.69015418137356,36
DPSO,251,0,4637.771091848717,11313.830603838673,112.69015418137356,36
DPSO,252,0,4637.771091848717,11313.830603838673,112.69015418137356,36
DPSO,253,0,4637.771091848717,11313.830603838673,112.69015418137356,36
DPSO,254,0,4637.771091848717,11313.830603838673,112.69015418137356,36
DPSO,255,0,4637.771091848717,11313.830603838673,112.69015418137356,36
DPSO,256,0,4637.771091848717,11313.830603838673,112.69015418137356,36
DPSO,257,0,4637.771091848717,11313.830603838673,112.69015418137356,36
DPSO,258,0,4637.771091848717,11313.830603838673,112.69015418137356,36
DPSO,259,0,4637.771091848717,11313.830603838673,112.69015418137356,36
DPSO,260,0,4637.771091848717,11313.830603838673,112.69015418137356,36
