sortie,phase,leg,start_s,end_s,provider,mode,margin_db,clearance_m
T001,climb,1,2229.941500528388,2290.359585245185,G01,worst_case_obstruction,27.795551548655098,
T001,cruise,1,2290.359585245185,2543.8893449399748,G01,worst_case_obstruction,0.3355696245188824,
T001,cruise,1,2543.8893449399748,2784.4467658291874,RE01,LOS_swept_region,0.631855856472157,10.393693843422
T001,descent,1,2784.4467658291874,2820.2284674893435,RE01,LOS_swept_region,0.631855856472157,8.681732153922326
T001,handoff,1,2820.2284674893435,3030.228467489344,RE01,LOS_swept_region,0.631855856472157,8.681732153922326
T001,climb,2,3030.228467489344,3060.046552206141,RE01,LOS_swept_region,0.631855856472157,8.681732153922326
T001,cruise,2,3060.046552206141,3501.513015453753,RE01,LOS_swept_region,0.631855856472157,5.7195109045935055
T001,cruise,2,3501.513015453753,3554.1337327901433,G01,worst_case_obstruction,13.823231768024613,
T001,descent,2,3554.1337327901433,3626.6354344502997,G01,worst_case_obstruction,27.795551548655098,
T002,climb,1,390,485.20033162434896,G01,worst_case_obstruction,23.461181216677716,
T002,cruise,1,485.20033162434896,766.5587862425396,G01,worst_case_obstruction,1.3501578715147247,
T002,cruise,1,766.5587862425396,933.8149016906021,RE05,LOS_swept_region,2.495872223835775,48.35275548015966
T002,cruise,1,933.8149016906021,975.6289305526177,RE05,LOS_swept_region,2.495872223835775,16.3790283203125
T002,cruise,1,975.6289305526177,1017.4429594146334,RE05,LOS_swept_region,2.495872223835775,5.275502512077821
T002,cruise,1,1017.4429594146334,1101.0710171386647,RE05,LOS_swept_region,1.5577014355838656,31.033896391907888
T002,descent,1,1101.0710171386647,1154.4714150878835,RE05,LOS_swept_region,1.547550293345168,0.5877069036896501
T002,handoff,1,1154.4714150878835,1364.4714150878835,RE05,LOS_swept_region,1.547550293345168,0.5877069036896501
T002,climb,2,1364.4714150878835,1428.9348509602794,RE05,LOS_swept_region,1.547550293345168,0.5877069036896501
T002,cruise,2,1428.9348509602794,1758.1799296493718,RE05,LOS_swept_region,1.5604301733351917,28.35996823080154
T002,descent,2,1758.1799296493718,1806.8160526962467,RE05,worst_case_obstruction,2.495872223835775,
T002,handoff,2,1806.8160526962467,1986.8160526962467,RE05,worst_case_obstruction,2.495872223835775,
T002,climb,3,1986.8160526962467,2014.828231244424,RE05,worst_case_obstruction,2.495872223835775,
T002,cruise,3,2014.828231244424,2413.5344709325655,RE05,LOS_swept_region,2.495872223835775,20.949249267578125
T002,descent,3,2413.5344709325655,2536.709085190378,G01,worst_case_obstruction,22.759839664518097,
T003,climb,1,2217.8578835850294,2290.359585245186,G01,worst_case_obstruction,27.795551548655098,
T003,cruise,1,2290.359585245186,2543.8893449399748,G01,worst_case_obstruction,0.3355696245188824,
T003,cruise,1,2543.8893449399748,2784.4467658291883,RE01,LOS_swept_region,0.631855856472157,10.393693843422
T003,descent,1,2784.4467658291883,2829.1738929043836,RE01,LOS_swept_region,0.631855856472157,8.681732153922326
T003,handoff,1,2829.1738929043836,3225.1738929043836,RE01,LOS_swept_region,0.631855856472157,8.681732153922326
T003,climb,2,3225.1738929043836,3260.9555945645398,RE01,LOS_swept_region,0.631855856472157,8.681732153922326
T003,cruise,2,3260.9555945645398,3501.513015453753,RE01,LOS_swept_region,0.631855856472157,10.393693843422
T003,cruise,2,3501.513015453753,3755.042775148542,G01,worst_case_obstruction,0.3355696245188824,
T003,descent,2,3755.042775148542,3845.6699022237376,G01,worst_case_obstruction,27.795551548655098,
T004,climb,1,2102.1190764418243,2210.3347429457303,G01,worst_case_obstruction,23.968262608738186,
T004,cruise,1,2210.3347429457303,2543.8893449399748,G01,LOS_swept_region,7.949735094724048,0.7198691353852666
T004,cruise,1,2543.8893449399748,2724.650026608523,RE01,worst_case_obstruction,0.4171404194151336,
T004,descent,1,2724.650026608523,2809.619609738406,RE01,worst_case_obstruction,0.3840167494967801,
T004,handoff,1,2809.619609738406,3205.619609738406,RE01,worst_case_obstruction,0.3840167494967801,
T004,climb,2,3205.619609738406,3273.595276242312,RE01,worst_case_obstruction,0.3840167494967801,
T004,cruise,2,3273.595276242312,3501.513015453753,RE01,worst_case_obstruction,0.4171404194151336,
T004,cruise,2,3501.513015453753,3787.9105599051045,G01,LOS_swept_region,9.269818091153326,7.422777202176604
T004,descent,2,3787.9105599051045,3923.1801430349874,G01,worst_case_obstruction,23.968262608738186,
T005,climb,1,360,450.4939412434896,G01,worst_case_obstruction,23.935643142447674,
T005,cruise,1,450.4939412434896,766.5587862425396,G01,worst_case_obstruction,0.3475748577967721,
T005,cruise,1,766.5587862425396,854.5961946736502,RE05,LOS_swept_region,2.495872223835775,26.779458927921894
T005,descent,1,854.5961946736502,873.5889241658377,RE05,LOS_swept_region,2.495872223835775,2.1826827496699934
T005,handoff,1,873.5889241658377,1053.5889241658379,RE05,LOS_swept_region,2.495872223835775,2.1826827496699934
T005,climb,2,1053.5889241658379,1081.8643798950045,RE05,LOS_swept_region,2.495872223835775,2.1826827496699934
T005,cruise,2,1081.8643798950045,1319.795779994643,RE05,LOS_swept_region,1.5588941264328042,7.1839599609375
T005,descent,2,1319.795779994643,1382.486326869643,RE05,LOS_swept_region,1.547550293345168,0.5877069036896501
T005,handoff,2,1382.486326869643,1562.4863268696429,RE05,LOS_swept_region,1.547550293345168,0.5877069036896501
T005,climb,3,1562.4863268696429,1606.9866584939919,RE05,LOS_swept_region,1.547550293345168,0.5877069036896501
T005,cruise,3,1606.9866584939919,1683.9704941832813,RE05,LOS_swept_region,1.5577014355838656,31.059513845006563
T005,cruise,3,1683.9704941832813,1722.462412027926,RE05,LOS_swept_region,2.495872223835775,8.131801353952369
T005,cruise,3,1722.462412027926,1741.7083709502483,RE05,LOS_swept_region,2.495872223835775,4.823451139901749
T005,cruise,3,1741.7083709502483,1760.9543298725707,RE05,LOS_swept_region,2.495872223835775,16.71641119404842
T005,cruise,3,1760.9543298725707,1914.9220012511496,RE05,LOS_swept_region,2.495872223835775,44.448638916015625
T005,cruise,3,1914.9220012511496,2222.8573440083073,G01,worst_case_obstruction,0.5705803967836687,
T005,descent,3,2222.8573440083073,2337.097741957526,G01,worst_case_obstruction,23.461181216677716,
T006,climb,1,330,458.0910583496094,G01,worst_case_obstruction,20.717231343301734,
T006,cruise,1,458.0910583496094,769.8352417115982,G01,worst_case_obstruction,0.445197718941742,
T006,cruise,1,769.8352417115982,835.968391317288,RE03,worst_case_obstruction,5.0926227599826035,
T006,descent,1,835.968391317288,901.3576613368193,RE03,worst_case_obstruction,5.0926227599826035,
T006,handoff,1,901.3576613368193,1081.357661336819,RE03,worst_case_obstruction,5.0926227599826035,
T006,climb,2,1081.357661336819,1135.8487196864285,RE03,worst_case_obstruction,5.0926227599826035,
T006,cruise,2,1135.8487196864285,1230.830936105047,RE03,worst_case_obstruction,5.0926227599826035,
T006,cruise,2,1230.830936105047,1513.726052654107,G01,worst_case_obstruction,1.2799205725407887,
T006,descent,2,1513.726052654107,1667.4353226736382,G01,worst_case_obstruction,20.717231343301734,
T007,climb,1,570,628.1426440429688,G01,worst_case_obstruction,29.982830377148545,
T007,cruise,1,628.1426440429688,831.7418908857434,G01,worst_case_obstruction,2.2411156161514185,
T007,descent,1,831.7418908857434,876.2701959394543,G01,worst_case_obstruction,2.2411156161514185,
T007,handoff,1,876.2701959394543,1380.2701959394544,G01,worst_case_obstruction,2.2478131175940064,
T007,climb,2,1380.2701959394544,1415.892839982423,G01,worst_case_obstruction,2.2411156161514185,
T007,cruise,2,1415.892839982423,1619.4920868251977,G01,worst_case_obstruction,2.2411156161514185,
T007,descent,2,1619.4920868251977,1692.1703918789087,G01,worst_case_obstruction,29.982830377148545,
T008,climb,1,360,450.4939412434896,G01,worst_case_obstruction,23.935643142447674,
T008,cruise,1,450.4939412434896,766.5587862425396,G01,worst_case_obstruction,0.3475748577967721,
T008,cruise,1,766.5587862425396,854.5961946736502,RE05,LOS_swept_region,2.495872223835775,26.779458927921894
T008,descent,1,854.5961946736502,873.5889241658377,RE05,LOS_swept_region,2.495872223835775,2.1826827496699934
T008,handoff,1,873.5889241658377,1083.5889241658379,RE05,LOS_swept_region,2.495872223835775,2.1826827496699934
T008,climb,2,1083.5889241658379,1099.4161987426608,RE05,LOS_swept_region,2.495872223835775,2.1826827496699934
T008,cruise,2,1099.4161987426608,1503.5184521728213,RE05,LOS_swept_region,2.495872223835775,26.779458927923542
T008,descent,2,1503.5184521728213,1612.1111816650089,G01,worst_case_obstruction,23.935643142447674,
T009,climb,1,390,544.7491292317709,G01,worst_case_obstruction,18.993277511644692,
T009,cruise,1,544.7491292317709,766.5587862425396,G01,worst_case_obstruction,1.42759638796322,
T009,cruise,1,766.5587862425396,906.0538088980499,RE05,worst_case_obstruction,2.495872223835775,
T009,descent,1,906.0538088980499,1002.4327639761749,RE05,worst_case_obstruction,2.495872223835775,
T009,handoff,1,1002.4327639761749,1242.4327639761748,RE05,worst_case_obstruction,2.495872223835775,
T009,climb,2,1242.4327639761748,1322.7485598746123,RE05,worst_case_obstruction,2.495872223835775,
T009,cruise,2,1322.7485598746123,1684.0532395408914,RE05,LOS_swept_region,2.495872223835775,18.746887790998812
T009,descent,2,1684.0532395408914,1869.7521946190163,G01,worst_case_obstruction,18.993277511644692,
T010,climb,1,390,518.0910583496094,G01,worst_case_obstruction,20.717231343301734,
T010,cruise,1,518.0910583496094,769.8352417115982,G01,worst_case_obstruction,0.3645334671438434,
T010,cruise,1,769.8352417115982,820.3929247237522,RE03,worst_case_obstruction,5.0926227599826035,
T010,descent,1,820.3929247237522,885.7821947432835,RE03,worst_case_obstruction,5.0926227599826035,
T010,handoff,1,885.7821947432835,1125.7821947432835,RE03,worst_case_obstruction,5.0926227599826035,
T010,climb,2,1125.7821947432835,1180.273253092893,RE03,worst_case_obstruction,5.0926227599826035,
T010,cruise,2,1180.273253092893,1230.830936105047,RE03,worst_case_obstruction,5.0926227599826035,
T010,cruise,2,1230.830936105047,1482.5751194670358,G01,worst_case_obstruction,0.3645334671438434,
T010,descent,2,1482.5751194670358,1636.284389486567,G01,worst_case_obstruction,20.717231343301734,
T011,climb,1,480,538.1426440429688,G01,worst_case_obstruction,29.982830377148545,
T011,cruise,1,538.1426440429688,741.7418908857434,G01,worst_case_obstruction,2.2411156161514185,
T011,descent,1,741.7418908857434,786.2701959394543,G01,worst_case_obstruction,2.2411156161514185,
T011,handoff,1,786.2701959394543,1182.2701959394544,G01,worst_case_obstruction,2.2478131175940064,
T011,climb,2,1182.2701959394544,1217.892839982423,G01,worst_case_obstruction,2.2411156161514185,
T011,cruise,2,1217.892839982423,1421.4920868251977,G01,worst_case_obstruction,2.2411156161514185,
T011,descent,2,1421.4920868251977,1494.1703918789087,G01,worst_case_obstruction,29.982830377148545,
T012,climb,1,1996.2843894865673,2075.7503359383904,G01,worst_case_obstruction,25.16080841557533,
T012,cruise,1,2075.7503359383904,2288.167043488642,G01,worst_case_obstruction,1.8598200342755575,
T012,descent,1,2288.167043488642,2308.6861792308296,G01,worst_case_obstruction,1.8598200342755575,
T012,handoff,1,2308.6861792308296,2518.686179230829,G01,worst_case_obstruction,1.8682481629577836,
T012,climb,2,2518.686179230829,2535.7854590159855,G01,worst_case_obstruction,1.8598200342755575,
T012,cruise,2,2535.7854590159855,2748.202166566237,G01,worst_case_obstruction,1.8598200342755575,
T012,descent,2,2748.202166566237,2843.5613023084243,G01,worst_case_obstruction,25.16080841557533,
T013,climb,1,1972.111181665009,2074.7566935465197,G01,worst_case_obstruction,22.759839664518097,
T013,cruise,1,2074.7566935465197,2473.4629332346613,RE05,LOS_swept_region,2.495872223835775,20.949249267578125
T013,descent,1,2473.4629332346613,2507.077547492474,RE05,worst_case_obstruction,2.495872223835775,
T013,handoff,1,2507.077547492474,2717.0775474924735,RE05,worst_case_obstruction,2.495872223835775,
T013,climb,2,2717.0775474924735,2745.0897260406505,RE05,worst_case_obstruction,2.495872223835775,
T013,cruise,2,2745.0897260406505,2833.3067159724314,RE05,worst_case_obstruction,2.379386528780259,
T013,cruise,2,2833.3067159724314,3143.795965728792,G01,worst_case_obstruction,0.49535888155925534,
T013,descent,2,3143.795965728792,3266.9705799866047,G01,worst_case_obstruction,22.759839664518097,
T014,climb,1,3977.7646961317823,4044.0016590224072,G01,worst_case_obstruction,26.902754877149746,
T014,cruise,1,4044.0016590224072,4295.877458232933,G01,worst_case_obstruction,0.3905150368200623,
T014,cruise,1,4295.877458232933,4396.044438315491,RE02,LOS_swept_region,0.9938736086881192,5.362252224446479
T014,descent,1,4396.044438315491,4448.608793784241,RE02,LOS_swept_region,0.9938736086881192,1.8319655690012269
T014,handoff,1,4448.608793784241,4658.608793784241,RE02,LOS_swept_region,0.9938736086881192,1.8319655690012269
T014,climb,2,4658.608793784241,4702.412423341533,RE02,LOS_swept_region,0.9938736086881192,1.8319655690012269
T014,cruise,2,4702.412423341533,5054.455202634617,RE02,LOS_swept_region,0.9938736086881192,5.362252224446479
T014,descent,2,5054.455202634617,5133.939558103368,G01,worst_case_obstruction,26.902754877149746,
T015,climb,1,4016.6354344502997,4098.371878542097,G01,worst_case_obstruction,24.894047506859252,
T015,cruise,1,4098.371878542097,4295.877458232933,G01,worst_case_obstruction,2.4873381798514203,
T015,cruise,1,4295.877458232933,4466.428490011633,RE02,LOS_swept_region,0.9938736086881192,0.11642061883355836
T015,cruise,1,4466.428490011633,4551.704005900983,RE02,LOS_swept_region,0.9938736086881192,4.1265196412288105
T015,cruise,1,4551.704005900983,4636.979521790333,RE02,LOS_swept_region,0.9938736086881192,19.06105138224291
T015,descent,1,4636.979521790333,4677.783254700489,RE02,LOS_swept_region,0.9938736086881192,5.295543896865468
T015,handoff,1,4677.783254700489,4917.783254700488,RE02,LOS_swept_region,0.9938736086881192,5.295543896865468
T015,climb,2,4917.783254700488,4951.786365458952,RE02,LOS_swept_region,0.9938736086881192,5.295543896865468
T015,cruise,2,4951.786365458952,5019.112320864981,RE02,LOS_swept_region,0.9938736086881192,19.62586236961738
T015,cruise,2,5019.112320864981,5086.43827627101,RE02,LOS_swept_region,0.9938736086881192,11.927870655494644
T015,cruise,2,5086.43827627101,5221.090187083069,RE02,LOS_swept_region,0.9938736086881192,0.11642061883514998
T015,cruise,2,5221.090187083069,5490.394008707188,RE02,LOS_swept_region,0.9938736086881192,5.4218214015076
T015,descent,2,5490.394008707188,5588.477741617344,G01,worst_case_obstruction,24.894047506859252,
T016,climb,1,5493.939558103366,5575.676002195163,G01,worst_case_obstruction,24.894047506859252,
T016,cruise,1,5575.676002195163,5844.979823819282,RE02,LOS_swept_region,0.9938736086881192,5.4218214015076
T016,cruise,1,5844.979823819282,5979.631734631341,RE02,LOS_swept_region,0.9938736086881192,0.11642061883514998
T016,cruise,1,5979.631734631341,6046.95769003737,RE02,LOS_swept_region,0.9938736086881192,11.927870655494644
T016,cruise,1,6046.95769003737,6114.283645443399,RE02,LOS_swept_region,0.9938736086881192,19.62586236961738
T016,descent,1,6114.283645443399,6155.087378353555,RE02,LOS_swept_region,0.9938736086881192,5.295543896865468
T016,handoff,1,6155.087378353555,6365.087378353554,RE02,LOS_swept_region,0.9938736086881192,5.295543896865468
T016,climb,2,6365.087378353554,6399.090489112018,RE02,LOS_swept_region,0.9938736086881192,5.295543896865468
T016,cruise,2,6399.090489112018,6467.913221470011,RE02,LOS_swept_region,0.9938736086881192,19.5804822858031
T016,cruise,2,6467.913221470011,6536.735953828003,RE02,LOS_swept_region,0.9938736086881192,11.783924097976296
T016,cruise,2,6536.735953828003,6674.38141854399,RE02,LOS_swept_region,0.9938736086881192,0.11642061883435417
T016,cruise,2,6674.38141854399,6937.698132360254,G01,LOS_swept_region,10.000284909987684,0.6613126122994117
T016,descent,2,6937.698132360254,7035.78186527041,G01,worst_case_obstruction,24.894047506859252,
T017,climb,1,2027.4353226736384,2106.9012691254616,G01,worst_case_obstruction,25.16080841557533,
T017,cruise,1,2106.9012691254616,2372.422153563276,G01,worst_case_obstruction,1.8598200342755575,
T017,descent,1,2372.422153563276,2392.9412893054637,G01,worst_case_obstruction,1.8598200342755575,
T017,handoff,1,2392.9412893054637,2602.941289305463,G01,worst_case_obstruction,1.8682481629577836,
T017,climb,2,2602.941289305463,2620.0405690906196,G01,worst_case_obstruction,1.8598200342755575,
T017,cruise,2,2620.0405690906196,2885.561453528434,G01,worst_case_obstruction,1.8598200342755575,
T017,descent,2,2885.561453528434,2980.9205892706213,G01,worst_case_obstruction,25.16080841557533,
T018,climb,1,3914.5457463291514,3980.7827092197763,G01,worst_case_obstruction,26.902754877149746,
T018,cruise,1,3980.7827092197763,4295.877458232933,G01,worst_case_obstruction,0.3836361897960785,
T018,cruise,1,4295.877458232933,4420.8361833361305,RE02,LOS_swept_region,0.9938736086881192,5.362252224446024
T018,descent,1,4420.8361833361305,4473.400538804881,RE02,LOS_swept_region,0.9938736086881192,1.8319655690012269
T018,handoff,1,4473.400538804881,4683.400538804881,RE02,LOS_swept_region,0.9938736086881192,1.8319655690012269
T018,climb,2,4683.400538804881,4727.204168362173,RE02,LOS_swept_region,0.9938736086881192,1.8319655690012269
T018,cruise,2,4727.204168362173,5167.2576424785275,RE02,LOS_swept_region,0.9938736086881192,5.362252224446479
T018,descent,2,5167.2576424785275,5246.741997947278,G01,worst_case_obstruction,26.902754877149746,
T019,climb,1,4108.7862474058875,4163.962551523726,G01,worst_case_obstruction,28.686789494765065,
T019,cruise,1,4163.962551523726,4295.877458232933,G01,worst_case_obstruction,7.919721370862277,
T019,cruise,1,4295.877458232933,4639.391619821173,RE02,LOS_swept_region,0.9938736086881192,11.24294138743528
T019,descent,1,4639.391619821173,4664.683184762579,RE02,LOS_swept_region,0.9938736086881192,5.551979089855024
T019,handoff,1,4664.683184762579,4874.68318476258,RE02,LOS_swept_region,0.9938736086881192,5.551979089855024
T019,climb,2,4874.68318476258,4895.759488880419,RE02,LOS_swept_region,0.9938736086881192,5.551979089855024
T019,cruise,2,4895.759488880419,5371.188557177866,RE02,LOS_swept_region,0.9938736086881192,11.24294138743528
T019,descent,2,5371.188557177866,5437.400122119272,G01,worst_case_obstruction,28.686789494765065,
T020,climb,1,4385.669902223737,4452.7346043721745,G01,worst_case_obstruction,28.560414627442952,
T020,cruise,1,4452.7346043721745,4639.94114215584,G01,worst_case_obstruction,2.965537632238025,
T020,descent,1,4639.94114215584,4681.5720198413865,G01,worst_case_obstruction,2.965537632238025,
T020,handoff,1,4681.5720198413865,4807.577038032462,G01,worst_case_obstruction,2.975246169663052,
T020,handoff,1,4807.577038032462,4969.572019841387,G01,worst_case_obstruction,2.975246169663052,
T020,climb,2,4969.572019841387,5120.224280583575,G01,worst_case_obstruction,2.8717030589325674,
T020,cruise,2,5120.224280583575,5235.599502442821,RE04,LOS_swept_region,5.0926227599826035,47.13427734375
T020,cruise,2,5235.599502442821,5293.287113372444,RE04,LOS_swept_region,5.0926227599826035,15.880952882027827
T020,cruise,2,5293.287113372444,5350.9747243020665,RE04,LOS_swept_region,5.0926227599826035,26.667524109621354
T020,descent,2,5350.9747243020665,5408.090050229801,RE04,LOS_swept_region,5.0926227599826035,20.913928982806112
T020,handoff,2,5408.090050229801,5696.090050229801,RE04,LOS_swept_region,5.0926227599826035,20.913928982806112
T020,climb,3,5696.090050229801,5766.794102964176,RE04,LOS_swept_region,5.0926227599826035,20.913928982806112
T020,cruise,3,5766.794102964176,5922.946254898448,RE04,LOS_swept_region,5.0926227599826035,47.13427734375
T020,cruise,3,5922.946254898448,6001.022330865584,RE04,worst_case_obstruction,5.0926227599826035,
T020,cruise,3,6001.022330865584,6079.09840683272,G01,worst_case_obstruction,0.8799762987294173,
T020,descent,3,6079.09840683272,6151.141330048286,G01,worst_case_obstruction,1.7730347043221002,
T020,descent,3,6151.141330048286,6247.328472750689,G01,worst_case_obstruction,1.8252463847692155,
T020,handoff,3,6247.328472750689,6499.328472750688,G01,worst_case_obstruction,1.8682481629577836,
T020,climb,4,6499.328472750688,6519.847608492875,G01,worst_case_obstruction,1.8598200342755575,
T020,cruise,4,6519.847608492875,6732.264316043127,G01,worst_case_obstruction,1.8598200342755575,
T020,descent,4,6732.264316043127,6851.463235720861,G01,worst_case_obstruction,25.16080841557533,
T021,climb,1,3914.5457463291514,3980.7827092197763,G01,worst_case_obstruction,26.902754877149746,
T021,cruise,1,3980.7827092197763,4295.877458232933,G01,worst_case_obstruction,0.3836361897960785,
T021,cruise,1,4295.877458232933,4420.8361833361305,RE02,LOS_swept_region,0.9938736086881192,5.362252224446024
T021,descent,1,4420.8361833361305,4473.400538804881,RE02,LOS_swept_region,0.9938736086881192,1.8319655690012269
T021,handoff,1,4473.400538804881,4683.400538804881,RE02,LOS_swept_region,0.9938736086881192,1.8319655690012269
T021,climb,2,4683.400538804881,4739.5882727729795,RE02,LOS_swept_region,0.9938736086881192,1.8319655690012269
T021,cruise,2,4739.5882727729795,4960.415397181404,RE02,LOS_swept_region,0.9938736086881192,8.931960829832178
T021,descent,2,4960.415397181404,5013.8406779431225,RE02,LOS_swept_region,0.9938736086881192,5.551979089855024
T021,handoff,2,5013.8406779431225,5193.840677943123,RE02,LOS_swept_region,0.9938736086881192,5.551979089855024
T021,climb,3,5193.840677943123,5214.916982060962,RE02,LOS_swept_region,0.9938736086881192,5.551979089855024
T021,cruise,3,5214.916982060962,5690.346050358409,RE02,LOS_swept_region,0.9938736086881192,11.24294138743528
T021,descent,3,5690.346050358409,5756.557615299816,G01,worst_case_obstruction,28.686789494765065,
T022,climb,1,4351.877045362605,4496.578424757136,G01,worst_case_obstruction,19.603583756332725,
T022,cruise,1,4496.578424757136,4807.577038032462,G01,worst_case_obstruction,0.4538359892580104,
T022,cruise,1,4807.577038032462,5101.855734511269,RE04,LOS_swept_region,4.344131567357607,32.76413773840943
T022,descent,1,5101.855734511269,5191.177389784706,RE04,LOS_swept_region,4.340435191089313,13.027674502220691
T022,handoff,1,5191.177389784706,5401.177389784706,RE04,LOS_swept_region,4.340435191089313,13.027674502220691
T022,climb,2,5401.177389784706,5475.61210251257,RE04,LOS_swept_region,4.340435191089313,13.027674502220691
T022,cruise,2,5475.61210251257,5778.250757389636,RE04,LOS_swept_region,4.344131567357607,23.81233475353099
T022,cruise,2,5778.250757389636,6080.8894122667025,G01,worst_case_obstruction,0.6875595531035117,
T022,descent,2,6080.8894122667025,6151.141330048286,G01,worst_case_obstruction,19.603583756332725,
T022,descent,2,6151.141330048286,6254.53106754014,G01,worst_case_obstruction,24.396941919712845,
T023,climb,1,4433.180143034988,4586.8894130545195,G01,worst_case_obstruction,20.717231343301734,
T023,cruise,1,4586.8894130545195,4807.577038032462,G01,worst_case_obstruction,1.496116587908432,
T023,cruise,1,4807.577038032462,4889.191279428663,RE04,worst_case_obstruction,5.0926227599826035,
T023,descent,1,4889.191279428663,4970.927866953077,RE04,worst_case_obstruction,5.0926227599826035,
T023,handoff,1,4970.927866953077,5186.927866953076,RE04,worst_case_obstruction,5.0926227599826035,
T023,climb,2,5186.927866953076,5211.8076032812005,RE04,worst_case_obstruction,5.0926227599826035,
T023,cruise,2,5211.8076032812005,5394.097047181647,RE04,LOS_swept_region,4.344905978906226,41.1395263671875
T023,descent,2,5394.097047181647,5430.1967175918035,RE04,LOS_swept_region,4.340435191089313,13.027674502220691
T023,handoff,2,5430.1967175918035,5826.1967175918035,RE04,LOS_swept_region,4.340435191089313,13.027674502220691
T023,climb,3,5826.1967175918035,5915.518372865241,RE04,LOS_swept_region,4.340435191089313,13.027674502220691
T023,cruise,3,5915.518372865241,6151.141330048286,RE04,LOS_swept_region,4.344131567357607,32.76413773840943
T023,cruise,3,6151.141330048286,6399.7402206685465,G01,worst_case_obstruction,0.4607360308322086,
T023,descent,3,6399.7402206685465,6616.792289760343,G01,worst_case_obstruction,19.603583756332725,
