K,group,resource_type,resource,sortie,start_s,end_s
3,1,A_air,G1_A_air_01,T021,3524.5457463291514,5756.557615299815
3,1,A_air,G1_A_air_02,T018,3554.5457463291514,5246.741997947277
3,1,A_air,G1_A_air_03,T019,3748.7862474058875,5437.400122119272
3,1,B_air,G1_B_air_01,T014,3617.7646961317823,5133.939558103366
3,1,B_air,G1_B_air_02,T015,3626.6354344502997,5588.477741617344
3,1,B_air,G1_B_air_01,T016,5133.939558103366,7035.78186527041
3,1,C_air,G1_C_air_01,T011,0,1494.1703918789087
3,1,C_air,G1_C_air_02,T007,0,1692.1703918789087
3,1,A_battery,G1_A_battery_01,T021,3524.5457463291514,7074.294041495916
3,1,A_battery,G1_A_battery_02,T018,3554.5457463291514,6399.28197098555
3,1,A_battery,G1_A_battery_03,T019,3748.7862474058875,6631.096724903329
3,1,B_battery,G1_B_battery_01,T014,3617.7646961317823,6619.4221672090325
3,1,B_battery,G1_B_battery_02,T015,3626.6354344502997,7583.095630602121
3,1,B_battery,G1_B_battery_03,T016,5133.939558103366,8935.876458537135
3,1,C_battery,G1_C_battery_01,T011,0,3163.201129165056
3,1,C_battery,G1_C_battery_02,T007,0,3339.390157049491
3,1,relay_air,G1_relay_air_01,RE02,3598.748299262559,7500.000868855509
3,1,relay_component,G1_relay_component_01,RE02,3598.748299262559,8124.4891766093915
3,2,A_air,G2_A_air_01,T008,0,1612.1111816650089
3,2,A_air,G2_A_air_02,T005,0,2337.0977419575265
3,2,A_air,G2_A_air_03,T002,0,2536.7090851903777
3,2,A_air,G2_A_air_01,T013,1612.111181665009,3266.9705799866047
3,2,B_air,G2_B_air_01,T009,0,1869.7521946190163
3,2,B_air,G2_B_air_01,T001,1869.9415005283881,3626.6354344502997
3,2,C_air,G2_C_air_01,T004,1622.1190764418243,3923.1801430349874
3,2,C_air,G2_C_air_02,T003,1737.8578835850294,3845.6699022237376
3,2,A_battery,G2_A_battery_01,T008,0,2676.168485891504
3,2,A_battery,G2_A_battery_02,T005,0,3748.7862474058875
3,2,A_battery,G2_A_battery_03,T002,0,4019.762284283296
3,2,A_battery,G2_A_battery_04,T013,1612.111181665009,4368.687933081458
3,2,B_battery,G2_B_battery_01,T009,0,3491.740572702013
3,2,B_battery,G2_B_battery_02,T001,1869.9415005283881,5379.068028773425
3,2,C_battery,G2_C_battery_01,T004,1622.1190764418243,6472.932226418109
3,2,C_battery,G2_C_battery_02,T003,1737.8578835850294,6382.22620271457
3,2,relay_air,G2_relay_air_01,RE05,129.41562010736016,3598.7482992625587
3,2,relay_air,G2_relay_air_02,RE01,1879.038282249945,4278.532767617253
3,2,relay_component,G2_relay_component_01,RE05,129.41562010736016,4167.408592791751
3,2,relay_component,G2_relay_component_02,RE01,1879.038282249945,4718.524942327167
3,3,A_air,G3_A_air_01,T006,0,1667.4353226736384
3,3,A_air,G3_A_air_01,T017,1667.4353226736384,2980.9205892706213
3,3,A_air,G3_A_air_01,T022,3991.877045362605,6254.53106754014
3,3,B_air,G3_B_air_01,T010,0,1636.284389486567
3,3,B_air,G3_B_air_01,T012,1636.2843894865673,2843.5613023084243
3,3,C_air,G3_C_air_01,T020,3845.6699022237376,6851.463235720861
3,3,C_air,G3_C_air_02,T023,3923.180143034988,6616.792289760344
3,3,A_battery,G3_A_battery_01,T006,0,2724.630008920277
3,3,A_battery,G3_A_battery_02,T017,1667.4353226736384,3871.1892627551297
3,3,A_battery,G3_A_battery_01,T022,3991.877045362605,7672.088702410787
3,3,B_battery,G3_B_battery_01,T010,0,3097.4452596505935
3,3,B_battery,G3_B_battery_02,T012,1636.2843894865673,4087.5915276196783
3,3,C_battery,G3_C_battery_01,T020,3845.6699022237376,9219.187568354051
3,3,C_battery,G3_C_battery_02,T023,3923.180143034988,9152.041616541084
3,3,relay_air,G3_relay_air_01,RE03,240.79628240752027,1879.0382822499453
3,3,relay_air,G3_relay_air_01,RE04,4278.538078728384,6799.3486761931845
3,3,relay_component,G3_relay_component_01,RE03,240.79628240752027,2216.7385357360536
3,3,relay_component,G3_relay_component_01,RE04,4278.538078728384,7249.890534491618
