reserve_pct,node,type,safe_payload_kg,nominal_payload_kg
10,S001,A,25.0,25
10,S001,B,30.0,30
10,S001,C,80.0,80
10,S002,A,25.0,25
10,S002,B,30.0,30
10,S002,C,78.59392169181886,80
10,S003,A,25.0,25
10,S003,B,30.0,30
10,S003,C,78.22994757410378,80
10,S004,A,25.0,25
10,S004,B,30.0,30
10,S004,C,74.883942278766,80
10,S005,A,25.0,25
10,S005,B,30.0,30
10,S005,C,80.0,80
10,S006,A,25.0,25
10,S006,B,30.0,30
10,S006,C,80.0,80
10,S007,A,25.0,25
10,S007,B,30.0,30
10,S007,C,80.0,80
10,S008,A,25.0,25
10,S008,B,30.0,30
10,S008,C,71.4373118211337,80
10,S009,A,25.0,25
10,S009,B,30.0,30
10,S009,C,80.0,80
10,S010,A,25.0,25
10,S010,B,30.0,30
10,S010,C,80.0,80
10,S011,A,25.0,25
10,S011,B,30.0,30
10,S011,C,80.0,80
10,S012,A,25.0,25
10,S012,B,30.0,30
10,S012,C,78.09230717156939,80
10,S013,A,25.0,25
10,S013,B,30.0,30
10,S013,C,80.0,80
10,S014,A,25.0,25
10,S014,B,30.0,30
10,S014,C,80.0,80
10,S015,A,25.0,25
10,S015,B,30.0,30
10,S015,C,80.0,80
15,S001,A,25.0,25
15,S001,B,30.0,30
15,S001,C,80.0,80
15,S002,A,25.0,25
15,S002,B,30.0,30
15,S002,C,74.24122025965298,80
15,S003,A,25.0,25
15,S003,B,30.0,30
15,S003,C,73.75069707981032,80
15,S004,A,25.0,25
15,S004,B,30.0,30
15,S004,C,69.91295756398169,80
15,S005,A,25.0,25
15,S005,B,30.0,30
15,S005,C,80.0,80
15,S006,A,25.0,25
15,S006,B,30.0,30
15,S006,C,80.0,80
15,S007,A,25.0,25
15,S007,B,30.0,30
15,S007,C,80.0,80
15,S008,A,25.0,25
15,S008,B,30.0,30
15,S008,C,65.9015869579137,80
15,S009,A,25.0,25
15,S009,B,30.0,30
15,S009,C,80.0,80
15,S010,A,25.0,25
15,S010,B,30.0,30
15,S010,C,80.0,80
15,S011,A,25.0,25
15,S011,B,30.0,30
15,S011,C,80.0,80
15,S012,A,25.0,25
15,S012,B,30.0,30
15,S012,C,73.63574388366277,80
15,S013,A,25.0,25
15,S013,B,30.0,30
15,S013,C,80.0,80
15,S014,A,25.0,25
15,S014,B,30.0,30
15,S014,C,80.0,80
15,S015,A,25.0,25
15,S015,B,30.0,30
15,S015,C,80.0,80
20,S001,A,25.0,25
20,S001,B,30.0,30
20,S001,C,80.0,80
20,S002,A,25.0,25
20,S002,B,30.0,30
20,S002,C,68.86037775413683,80
20,S003,A,25.0,25
20,S003,B,30.0,30
20,S003,C,68.20455041133383,80
20,S004,A,25.0,25
20,S004,B,30.0,30
20,S004,C,63.69649250314165,80
20,S005,A,25.0,25
20,S005,B,30.0,30
20,S005,C,80.0,80
20,S006,A,25.0,25
20,S006,B,30.0,30
20,S006,C,80.0,80
20,S007,A,25.0,25
20,S007,B,30.0,30
20,S007,C,80.0,80
20,S008,A,25.0,25
20,S008,B,28.800781652904007,30
20,S008,C,58.90310867739053,80
20,S009,A,25.0,25
20,S009,B,30.0,30
20,S009,C,80.0,80
20,S010,A,25.0,25
20,S010,B,30.0,30
20,S010,C,80.0,80
20,S011,A,25.0,25
20,S011,B,30.0,30
20,S011,C,80.0,80
20,S012,A,25.0,25
20,S012,B,30.0,30
20,S012,C,68.11775809489428,80
20,S013,A,25.0,25
20,S013,B,30.0,30
20,S013,C,80.0,80
20,S014,A,25.0,25
20,S014,B,30.0,30
20,S014,C,80.0,80
20,S015,A,25.0,25
20,S015,B,30.0,30
20,S015,C,80.0,80
25,S001,A,25.0,25
25,S001,B,30.0,30
25,S001,C,80.0,80
25,S002,A,25.0,25
25,S002,B,30.0,30
25,S002,C,62.01546091046659,80
25,S003,A,25.0,25
25,S003,B,29.035623924314812,30
25,S003,C,61.14216188270057,80
25,S004,A,25.0,25
25,S004,B,27.411906550525032,30
25,S004,C,55.66061505639905,80
25,S005,A,25.0,25
25,S005,B,30.0,30
25,S005,C,80.0,80
25,S006,A,25.0,25
25,S006,B,30.0,30
25,S006,C,80.0,80
25,S007,A,25.0,25
25,S007,B,30.0,30
25,S007,C,80.0,80
25,S008,A,24.561572694924855,25
25,S008,B,25.479947530233662,30
25,S008,C,49.70300470242464,80
25,S009,A,25.0,25
25,S009,B,30.0,30
25,S009,C,80.0,80
25,S010,A,25.0,25
25,S010,B,30.0,30
25,S010,C,80.0,80
25,S011,A,25.0,25
25,S011,B,30.0,30
25,S011,C,80.0,80
25,S012,A,25.0,25
25,S012,B,29.432720267043575,30
25,S012,C,61.086176928583356,80
25,S013,A,25.0,25
25,S013,B,30.0,30
25,S013,C,80.0,80
25,S014,A,25.0,25
25,S014,B,30.0,30
25,S014,C,80.0,80
25,S015,A,25.0,25
25,S015,B,30.0,30
25,S015,C,78.45358205983338,80
30,S001,A,25.0,25
30,S001,B,30.0,30
30,S001,C,80.0,80
30,S002,A,25.0,25
30,S002,B,26.74594697887585,30
30,S002,C,52.951662215653236,80
30,S003,A,24.73497446070805,25
30,S003,B,25.42544227254992,30
30,S003,C,51.79278828337463,80
30,S004,A,20.168446301896232,25
30,S004,B,23.441547977246195,30
30,S004,C,44.746376787022605,80
30,S005,A,25.0,25
30,S005,B,30.0,30
30,S005,C,80.0,80
30,S006,A,25.0,25
30,S006,B,30.0,30
30,S006,C,80.0,80
30,S007,A,25.0,25
30,S007,B,30.0,30
30,S007,C,80.0,80
30,S008,A,14.211302650215586,25
30,S008,B,21.0001075787991,30
30,S008,C,36.81157689846422,80
30,S009,A,25.0,25
30,S009,B,30.0,30
30,S009,C,79.15348814916396,80
30,S010,A,25.0,25
30,S010,B,30.0,30
30,S010,C,80.0,80
30,S011,A,25.0,25
30,S011,B,30.0,30
30,S011,C,80.0,80
30,S012,A,25.0,25
30,S012,B,25.984396255739135,30
30,S012,C,51.75680631837262,80
30,S013,A,25.0,25
30,S013,B,30.0,30
30,S013,C,80.0,80
30,S014,A,25.0,25
30,S014,B,30.0,30
30,S014,C,79.90408097416,80
30,S015,A,25.0,25
30,S015,B,30.0,30
30,S015,C,73.00645448534324,80
