sortie,node,type,boxes,mass_kg,volume_m3,flight_s,operation_s,energy_kwh,return_soc_pct
Q1-20-001,S001,C,S001-MED-01;S001-MED-02;S001-WAT-01;S001-WAT-02;S001-WAT-03;S001-FOD-01;S001-FOD-02;S001-HYG-01;S001-HYG-02,76,0.231,618.1703918789086,1692.1703918789085,2.9175913912014897,63.53010760998138
Q1-20-002,S001,C,S001-WAT-04;S001-WAT-05;S001-WAT-06;S001-WAT-07;S001-WAT-08;S001-FOD-03,78,0.163,618.1703918789086,1494.1703918789085,2.995778595200528,62.55276755999339
Q1-20-003,S002,B,S002-MED-01;S002-WAT-01;S002-FOD-01,25,0.067,1186.6939339219116,1816.6939339219116,2.7134213129890172,32.16446717527457
Q1-20-004,S002,C,S002-WAT-02;S002-WAT-03;S002-WAT-04;S002-FOD-02;S002-HYG-01,56,0.14400000000000002,1231.8120186387082,2041.8120186387082,5.721222591582658,28.48471760521678
Q1-20-005,S003,B,S003-MED-01;S003-WAT-01;S003-FOD-01,25,0.067,1450.5430982758826,2080.5430982758826,2.7799701446244454,30.500746384388865
Q1-20-006,S003,C,S003-WAT-02;S003-WAT-03;S003-WAT-04;S003-FOD-02;S003-HYG-01,56,0.14400000000000002,1560.1111443370803,2370.11114433708,5.765077516422236,27.936531044722045
Q1-20-007,S004,C,S004-MED-01;S004-WAT-01;S004-WAT-02;S004-WAT-03;S004-FOD-01;S004-HYG-01,59,0.156,1425.0610665932259,2301.061066593226,6.152957431097441,23.088032111281986
Q1-20-008,S005,C,S005-MED-01;S005-WAT-01;S005-WAT-02;S005-WAT-03;S005-FOD-01;S005-HYG-01,59,0.156,1001.1951581955425,1877.1951581955425,4.222219779656905,47.22225275428868
Q1-20-009,S006,C,S006-MED-01;S006-WAT-01;S006-WAT-02;S006-WAT-03;S006-FOD-01;S006-HYG-01,59,0.156,685.5595259403467,1561.5595259403467,2.5980207359716143,67.52474080035482
Q1-20-010,S007,C,S007-MED-01;S007-WAT-01;S007-WAT-02;S007-FOD-01;S007-HYG-01,45,0.129,1097.5754478361764,1907.5754478361764,3.41094197300521,57.363225337434876
Q1-20-011,S008,C,S008-MED-01;S008-WAT-01;S008-WAT-02;S008-FOD-01;S008-HYG-01,45,0.129,1389.7120845921743,2199.7120845921745,5.836069261929085,27.04913422588644
Q1-20-012,S009,B,S009-MED-01;S009-WAT-01;S009-FOD-01,25,0.067,928.4422473944054,1558.4422473944055,2.096235103068041,47.59412242329898
Q1-20-013,S010,B,S010-MED-01;S010-WAT-01;S010-FOD-01,25,0.067,925.376902446339,1555.376902446339,1.8231886104366912,54.42028473908272
Q1-20-014,S011,B,S011-MED-01;S011-WAT-01;S011-FOD-01,25,0.067,558.4236501116584,1188.4236501116584,1.0739602222254718,73.1509944443632
Q1-20-015,S012,B,S012-MED-01;S012-WAT-01;S012-FOD-01,25,0.067,1292.7345559700407,1922.7345559700407,2.7523988780677637,31.190028048305905
Q1-20-016,S013,B,S013-MED-01;S013-WAT-01;S013-FOD-01,25,0.067,880.4702802929444,1510.4702802929444,1.8247538307943802,54.381154230140496
Q1-20-017,S014,B,S014-MED-01;S014-WAT-01;S014-FOD-01,25,0.067,1239.7521946190163,1869.7521946190163,2.1403772473853553,46.49056881536612
Q1-20-018,S015,B,S015-MED-01;S015-WAT-01;S015-FOD-01,25,0.067,1198.2885840204503,1828.2885840204503,2.307484615901031,42.31288460247422
