resource,previous,next,gap_s
battery:BA01,T002,T016,1223.4112346346983
battery:BA02,T005,T023,0.0
battery:BA03,T006,T018,796.347258379592
battery:BC01,T007,T020,541.3260372480318
battery:BA04,T008,T015,874.8087814083647
battery:BB01,T009,T024,134.70555583891473
battery:BB02,T010,T021,516.6340152584125
battery:BC02,T011,T017,646.4149979917797
battery:BB03,T012,T022,1042.6626092609113
battery:BA06,T014,T019,46.04587137599037
relay:R02,RE03,RE01,2.2737367544323206e-13
relay:R02,RE01,RE04,0.005311111131959478
relay:R01,RE05,RE02,4.547473508864641e-13
